Div,Date,HomeTeam,AwayTeam,FTHG,FTAG,FTR
UECL,2021-07-06,Mosta,Spartak Trnava,3,2,H
UECL,2021-07-06,Mons Calpe,FC Santa Coloma,1,1,D
UECL,2021-07-06,Mladost Lješkopolje,Laci,1,0,H
UECL,2021-07-08,FK Liepaja,Struga,1,1,D
UECL,2021-07-08,FC Noah,KuPS,1,0,H
UECL,2021-07-08,Sileks,Petrocub,1,1,D
UECL,2021-07-08,Inter Turku,Puskas Academy,1,1,D
UECL,2021-07-08,Suduva Marijampole,Valmiera / BSS,2,1,H
UECL,2021-07-08,UE Sant Julia,Gzira United,0,0,D
UECL,2021-07-08,Honka,NSI Runavik,0,0,D
UECL,2021-07-08,Rīgas FS,KI Klaksvik,2,3,A
UECL,2021-07-08,FC Levadia Tallinn,St Joseph S Fc,3,1,H
UECL,2021-07-08,Dundalk,Newtown AFC,4,0,H
UECL,2021-07-08,Žilina,Dila,5,1,H
UECL,2021-07-08,Milsami Orhei,FK Sarajevo,0,0,D
UECL,2021-07-08,Racing FC Union Luxembourg,Breidablik,2,3,A
UECL,2021-07-08,Glentoran,The New Saints,1,1,D
UECL,2021-07-08,FH hafnarfjordur,Sligo Rovers,1,0,H
UECL,2021-07-08,Bala Town,Larne,0,1,A
UECL,2021-07-08,Fehérvár FC,Ararat,1,1,D
UECL,2021-07-08,NK Domzale,Swift Hesperange,1,0,H
UECL,2021-07-08,Partizani,Sfîntul Gheorghe,5,2,H
UECL,2021-07-08,Shkupi 1927,Llapi,2,0,H
UECL,2021-07-08,Birkirkara,La Fiorita,1,0,H
UECL,2021-07-08,Paide,Slask Wroclaw,1,2,A
UECL,2021-07-08,Europa,Kauno Žalgiris,0,0,D
UECL,2021-07-08,Drita,Dečić,2,1,H
UECL,2021-07-08,Sutjeska,Gagra,1,0,H
UECL,2021-07-08,Velež,Coleraine FC,2,1,H
UECL,2021-07-08,Maribor,FC Urartu,1,0,H
UECL,2021-07-08,Tre Penne,Dinamo Batumi,0,4,A
UECL,2021-07-08,Siroki Brijeg,Vllaznia Shkodër,3,1,H
UECL,2021-07-08,Stjarnan,Bohemians,1,1,D
UECL,2021-07-13,Newtown AFC,Dundalk,0,1,A
UECL,2021-07-15,Ararat,Fehérvár FC,2,0,H
UECL,2021-07-15,Struga,FK Liepaja,1,4,A
UECL,2021-07-15,KuPS,FC Noah,5,0,H
UECL,2021-07-15,FC Urartu,Maribor,0,1,A
UECL,2021-07-15,Gagra,Sutjeska,1,1,D
UECL,2021-07-15,Kauno Žalgiris,Europa,2,0,H
UECL,2021-07-15,Valmiera / BSS,Suduva Marijampole,0,0,D
UECL,2021-07-15,FC Santa Coloma,Mons Calpe,4,0,H
UECL,2021-07-15,St Joseph S Fc,FC Levadia Tallinn,1,1,D
UECL,2021-07-15,Dinamo Batumi,Tre Penne,3,0,H
UECL,2021-07-15,NSI Runavik,Honka,1,3,A
UECL,2021-07-15,Petrocub,Sileks,1,0,H
UECL,2021-07-15,Dila,Žilina,2,1,H
UECL,2021-07-15,Sligo Rovers,FH hafnarfjordur,1,2,A
UECL,2021-07-15,Sfîntul Gheorghe,Partizani,2,3,A
UECL,2021-07-15,The New Saints,Glentoran,2,0,H
UECL,2021-07-15,Laci,Mladost Lješkopolje,3,0,H
UECL,2021-07-15,Gzira United,UE Sant Julia,1,1,D
UECL,2021-07-15,Puskas Academy,Inter Turku,2,0,H
UECL,2021-07-15,Swift Hesperange,NK Domzale,1,1,D
UECL,2021-07-15,Llapi,Shkupi 1927,1,1,D
UECL,2021-07-15,Larne,Bala Town,1,0,H
UECL,2021-07-15,Spartak Trnava,Mosta,2,0,H
UECL,2021-07-15,La Fiorita,Birkirkara,1,1,D
UECL,2021-07-15,Dečić,Drita,0,1,A
UECL,2021-07-15,Bohemians,Stjarnan,3,0,H
UECL,2021-07-15,Breidablik,Racing FC Union Luxembourg,2,0,H
UECL,2021-07-15,Slask Wroclaw,Paide,2,0,H
UECL,2021-07-15,Coleraine FC,Velež,1,2,A
UECL,2021-07-15,FK Sarajevo,Milsami Orhei,0,1,A
UECL,2021-07-15,KI Klaksvik,Rīgas FS,2,4,A
UECL,2021-07-15,Vllaznia Shkodër,Siroki Brijeg,3,0,H
UECL,2021-07-20,NK Domzale,Honka,1,1,D
UECL,2021-07-20,Prishtina,GAP Connah S Quay FC,4,1,H
UECL,2021-07-20,Kauno Žalgiris,The New Saints,0,5,A
UECL,2021-07-20,Folgore,Hibernians,1,3,A
UECL,2021-07-21,Cukaricki,Sumqayıt,0,0,D
UECL,2021-07-22,FC Astana,Aris Thessalonikis,2,0,H
UECL,2021-07-22,Ararat,Slask Wroclaw,2,4,A
UECL,2021-07-22,Panevėžys,Vojvodina,0,1,A
UECL,2021-07-22,Molde,Servette FC,3,0,H
UECL,2021-07-22,Qarabag,Ashdod,0,0,D
UECL,2021-07-22,Austria Vienna,Breidablik,1,1,D
UECL,2021-07-22,Olimpija Ljubljana,Birkirkara,1,0,H
UECL,2021-07-22,KuPS,Vorskla Poltava,2,2,D
UECL,2021-07-22,PFC Sochi,Şamaxı FK,3,0,H
UECL,2021-07-22,Rīgas FS,Puskas Academy,3,0,H
UECL,2021-07-22,F91 Dudelange,Bohemians,0,1,A
UECL,2021-07-22,Dinamo Tbilisi,Maccabi Haifa,1,2,A
UECL,2021-07-22,Hammarby FF,Maribor,3,1,H
UECL,2021-07-22,IF Elfsborg,Milsami Orhei,4,0,H
UECL,2021-07-22,FC Copenhagen,Torpedo Zhodino,4,1,H
UECL,2021-07-22,Plzen,Dinamo Brest,2,1,H
UECL,2021-07-22,Apollon Limassol,Žilina,1,3,A
UECL,2021-07-22,Suduva Marijampole,Raków Częstochowa,0,0,D
UECL,2021-07-22,Dinamo Batumi,Bate Borisov,0,1,A
UECL,2021-07-22,CSKA Sofia,FK Liepaja,0,0,D
UECL,2021-07-22,Lokomotiv Plovdiv,Slovácko,1,0,H
UECL,2021-07-22,Spartak Trnava,Sepsi OSK Sfantu Gheorghe,0,0,D
UECL,2021-07-22,Laci,CS Universitatea Craiova,1,0,H
UECL,2021-07-22,Gzira United,HNK Rijeka,0,2,A
UECL,2021-07-22,Petrocub,Sivasspor,0,1,A
UECL,2021-07-22,Teuta Durrës,Inter Club d'Escaldes,0,2,A
UECL,2021-07-22,AEL,Vllaznia Shkodër,1,0,H
UECL,2021-07-22,Riga,Shkendija,2,0,H
UECL,2021-07-22,Arda Kardzhali,Hapoel Beer Sheva,0,2,A
UECL,2021-07-22,Shkupi 1927,Santa Clara,0,3,A
UECL,2021-07-22,HB Torshavn,Buducnost Podgorica,4,0,H
UECL,2021-07-22,FC Basel 1893,Partizani,3,0,H
UECL,2021-07-22,FCSB,Shakhter Karagandy,1,0,H
UECL,2021-07-22,Gent,Valerenga,4,0,H
UECL,2021-07-22,Sutjeska,Maccabi Tel Aviv,0,0,D
UECL,2021-07-22,Velež,AEK Athens FC,2,1,H
UECL,2021-07-22,Larne,Aarhus,2,1,H
UECL,2021-07-22,Hibernian,FC Santa Coloma,3,0,H
UECL,2021-07-22,Aberdeen,BK Hacken,5,1,H
UECL,2021-07-22,Linfield,Borac Banja Luka,4,0,H
UECL,2021-07-22,FH hafnarfjordur,Rosenborg,0,2,A
UECL,2021-07-22,Valur Reykjavik,Bodo/Glimt,0,3,A
UECL,2021-07-22,Pogon Szczecin,NK Osijek,0,0,D
UECL,2021-07-22,FK Partizan,Dunajska Streda,1,0,H
UECL,2021-07-22,Dundalk,FC Levadia Tallinn,2,2,D
UECL,2021-07-22,HNK Hajduk Split,FK Tobol Kostanay,2,0,H
UECL,2021-07-22,Ujpest,FC Vaduz,2,1,H
UECL,2021-07-22,Drita,Feyenoord,0,0,D
UECL,2021-07-22,Shakhter Soligorsk,Fola Esch,1,2,A
UECL,2021-07-27,Inter Club d'Escaldes,Teuta Durrës,0,3,A
UECL,2021-07-27,Buducnost Podgorica,HB Torshavn,0,2,A
UECL,2021-07-27,Hibernians,Folgore,4,2,H
UECL,2021-07-29,Shakhter Karagandy,FCSB,2,1,H
UECL,2021-07-29,FK Liepaja,CSKA Sofia,0,0,D
UECL,2021-07-29,FK Tobol Kostanay,HNK Hajduk Split,4,1,H
UECL,2021-07-29,Bodo/Glimt,Valur Reykjavik,3,0,H
UECL,2021-07-29,Dinamo Brest,Plzen,1,2,A
UECL,2021-07-29,FC Vaduz,Ujpest,1,3,A
UECL,2021-07-29,Şamaxı FK,PFC Sochi,2,4,A
UECL,2021-07-29,Vorskla Poltava,KuPS,2,3,A
UECL,2021-07-29,Honka,NK Domzale,0,1,A
UECL,2021-07-29,Birkirkara,Olimpija Ljubljana,1,0,H
UECL,2021-07-29,Sumqayıt,Cukaricki,0,2,A
UECL,2021-07-29,BK Hacken,Aberdeen,2,0,H
UECL,2021-07-29,FC Santa Coloma,Hibernian,1,2,A
UECL,2021-07-29,FC Levadia Tallinn,Dundalk,1,2,A
UECL,2021-07-29,Sepsi OSK Sfantu Gheorghe,Spartak Trnava,1,1,D
UECL,2021-07-29,Žilina,Apollon Limassol,2,2,D
UECL,2021-07-29,Valerenga,Gent,2,0,H
UECL,2021-07-29,Rosenborg,FH hafnarfjordur,4,1,H
UECL,2021-07-29,Torpedo Zhodino,FC Copenhagen,0,5,A
UECL,2021-07-29,Bate Borisov,Dinamo Batumi,1,4,A
UECL,2021-07-29,Aarhus,Larne,1,1,D
UECL,2021-07-29,Hapoel Beer Sheva,Arda Kardzhali,4,0,H
UECL,2021-07-29,Milsami Orhei,IF Elfsborg,0,5,A
UECL,2021-07-29,Sivasspor,Petrocub,1,0,H
UECL,2021-07-29,Raków Częstochowa,Suduva Marijampole,0,0,D
UECL,2021-07-29,Slovácko,Lokomotiv Plovdiv,1,0,H
UECL,2021-07-29,Maccabi Haifa,Dinamo Tbilisi,5,1,H
UECL,2021-07-29,Ashdod,Qarabag,0,1,A
UECL,2021-07-29,The New Saints,Kauno Žalgiris,5,1,H
UECL,2021-07-29,Breidablik,Austria Vienna,2,1,H
UECL,2021-07-29,Maccabi Tel Aviv,Sutjeska,3,1,H
UECL,2021-07-29,Fola Esch,Shakhter Soligorsk,1,0,H
UECL,2021-07-29,Feyenoord,Drita,3,2,H
UECL,2021-07-29,Slask Wroclaw,Ararat,3,3,D
UECL,2021-07-29,GAP Connah S Quay FC,Prishtina,4,2,H
UECL,2021-07-29,HNK Rijeka,Gzira United,1,0,H
UECL,2021-07-29,AEK Athens FC,Velež,1,0,H
UECL,2021-07-29,Shkendija,Riga,0,1,A
UECL,2021-07-29,Vojvodina,Panevėžys,1,0,H
UECL,2021-07-29,Partizani,FC Basel 1893,0,2,A
UECL,2021-07-29,Puskas Academy,Rīgas FS,0,2,A
UECL,2021-07-29,Borac Banja Luka,Linfield,0,0,D
UECL,2021-07-29,CS Universitatea Craiova,Laci,0,0,D
UECL,2021-07-29,Aris Thessalonikis,FC Astana,2,1,H
UECL,2021-07-29,Servette FC,Molde,2,0,H
UECL,2021-07-29,Maribor,Hammarby FF,0,1,A
UECL,2021-07-29,Dunajska Streda,FK Partizan,0,2,A
UECL,2021-07-29,Bohemians,F91 Dudelange,3,0,H
UECL,2021-07-29,NK Osijek,Pogon Szczecin,1,0,H
UECL,2021-07-29,Vllaznia Shkodër,AEL,0,1,A
UECL,2021-07-29,Santa Clara,Shkupi 1927,2,0,H
UECL,2021-08-03,Linfield,Fola Esch,1,2,A
UECL,2021-08-03,Bohemians,PAOK,2,1,H
UECL,2021-08-05,Lokomotiv Plovdiv,FC Copenhagen,1,1,D
UECL,2021-08-05,KuPS,FC Astana,1,1,D
UECL,2021-08-05,PFC Sochi,FK Partizan,1,1,D
UECL,2021-08-05,FK Tobol Kostanay,Žilina,0,1,A
UECL,2021-08-05,IF Elfsborg,Velež,1,1,D
UECL,2021-08-05,Vitesse,Dundalk,2,2,D
UECL,2021-08-05,Rosenborg,NK Domzale,6,1,H
UECL,2021-08-05,Vojvodina,Lask Linz,0,1,A
UECL,2021-08-05,Dinamo Batumi,Sivasspor,1,2,A
UECL,2021-08-05,CSKA Sofia,NK Osijek,4,2,H
UECL,2021-08-05,Laci,Anderlecht,0,3,A
UECL,2021-08-05,AEL,Qarabag,1,1,D
UECL,2021-08-05,Maccabi Haifa,HB Torshavn,7,2,H
UECL,2021-08-05,Riga,Hibernians,0,1,A
UECL,2021-08-05,Trabzonspor,Molde,3,3,D
UECL,2021-08-05,Pacos Ferreira,Larne,4,0,H
UECL,2021-08-05,Slask Wroclaw,Hapoel Beer Sheva,2,1,H
UECL,2021-08-05,Prishtina,Bodo/Glimt,2,1,H
UECL,2021-08-05,Kolos Kovalivka,Shakhter Karagandy,0,0,D
UECL,2021-08-05,Spartak Trnava,Maccabi Tel Aviv,0,0,D
UECL,2021-08-05,Gent,Rīgas FS,2,2,D
UECL,2021-08-05,FC Luzern,Feyenoord,0,3,A
UECL,2021-08-05,Hibernian,HNK Rijeka,1,1,D
UECL,2021-08-05,The New Saints,Plzen,4,2,H
UECL,2021-08-05,Breidablik,Aberdeen,2,3,A
UECL,2021-08-05,Shamrock Rovers,Teuta Durrës,1,0,H
UECL,2021-08-05,Ujpest,FC Basel 1893,1,2,A
UECL,2021-08-05,Cukaricki,Hammarby FF,3,1,H
UECL,2021-08-05,Raków Częstochowa,Rubin,0,0,D
UECL,2021-08-05,Santa Clara,Olimpija Ljubljana,2,0,H
UECL,2021-08-10,Shakhter Karagandy,Kolos Kovalivka,0,0,D
UECL,2021-08-10,NK Domzale,Rosenborg,1,2,A
UECL,2021-08-12,FC Astana,KuPS,3,4,A
UECL,2021-08-12,Bodo/Glimt,Prishtina,2,0,H
UECL,2021-08-12,Molde,Trabzonspor,1,1,D
UECL,2021-08-12,Qarabag,AEL,1,0,H
UECL,2021-08-12,Rubin,Raków Częstochowa,0,1,A
UECL,2021-08-12,Hammarby FF,Cukaricki,5,1,H
UECL,2021-08-12,Žilina,FK Tobol Kostanay,5,0,H
UECL,2021-08-12,Hapoel Beer Sheva,Slask Wroclaw,4,0,H
UECL,2021-08-12,Plzen,The New Saints,3,1,H
UECL,2021-08-12,PAOK,Bohemians,2,0,H
UECL,2021-08-12,Rīgas FS,Gent,0,1,A
UECL,2021-08-12,FC Basel 1893,Ujpest,4,0,H
UECL,2021-08-12,Maccabi Tel Aviv,Spartak Trnava,1,0,H
UECL,2021-08-12,Fola Esch,Linfield,2,1,H
UECL,2021-08-12,Feyenoord,FC Luzern,3,0,H
UECL,2021-08-12,FC Copenhagen,Lokomotiv Plovdiv,4,2,H
UECL,2021-08-12,Anderlecht,Laci,2,1,H
UECL,2021-08-12,HNK Rijeka,Hibernian,4,1,H
UECL,2021-08-12,Olimpija Ljubljana,Santa Clara,0,1,A
UECL,2021-08-12,Sivasspor,Dinamo Batumi,1,1,D
UECL,2021-08-12,Teuta Durrës,Shamrock Rovers,0,2,A
UECL,2021-08-12,Velež,IF Elfsborg,1,4,A
UECL,2021-08-12,Hibernians,Riga,1,4,A
UECL,2021-08-12,Larne,Pacos Ferreira,1,0,H
UECL,2021-08-12,Aberdeen,Breidablik,2,1,H
UECL,2021-08-12,HB Torshavn,Maccabi Haifa,1,0,H
UECL,2021-08-12,FK Partizan,PFC Sochi,2,2,D
UECL,2021-08-12,Dundalk,Vitesse,1,2,A
UECL,2021-08-12,Lask Linz,Vojvodina,6,1,H
UECL,2021-08-12,NK Osijek,CSKA Sofia,1,1,D
UECL,2021-08-19,Shakhter Karagandy,Maccabi Tel Aviv,1,2,A
UECL,2021-08-19,Qarabag,Aberdeen,1,0,H
UECL,2021-08-19,Flora Tallinn,Shamrock Rovers,4,2,H
UECL,2021-08-19,KuPS,Union Berlin,0,4,A
UECL,2021-08-19,Raków Częstochowa,Gent,1,0,H
UECL,2021-08-19,Hapoel Beer Sheva,Anorthosis,0,0,D
UECL,2021-08-19,Plzen,CSKA Sofia,2,0,H
UECL,2021-08-19,FK Zalgiris Vilnius,Bodo/Glimt,2,2,D
UECL,2021-08-19,Lask Linz,ST Johnstone,1,1,D
UECL,2021-08-19,Neftchi Baku,Maccabi Haifa,3,3,D
UECL,2021-08-19,Riga,Lincoln Red Imps FC,1,1,D
UECL,2021-08-19,FC Basel 1893,Hammarby FF,3,1,H
UECL,2021-08-19,Fola Esch,Kairat Almaty,1,4,A
UECL,2021-08-19,Trabzonspor,AS Roma,1,2,A
UECL,2021-08-19,Rennes,Rosenborg,2,0,H
UECL,2021-08-19,Feyenoord,IF Elfsborg,5,0,H
UECL,2021-08-19,Anderlecht,Vitesse,3,3,D
UECL,2021-08-19,PAOK,HNK Rijeka,1,1,D
UECL,2021-08-19,Sivasspor,FC Copenhagen,1,2,A
UECL,2021-08-19,FK Jablonec,Žilina,5,1,H
UECL,2021-08-19,Pacos Ferreira,Tottenham,1,0,H
UECL,2021-08-19,Santa Clara,FK Partizan,2,1,H
UECL,2021-08-26,Kairat Almaty,Fola Esch,3,1,H
UECL,2021-08-26,Bodo/Glimt,FK Zalgiris Vilnius,1,0,H
UECL,2021-08-26,Lincoln Red Imps FC,Riga,3,1,H
UECL,2021-08-26,Žilina,FK Jablonec,0,3,A
UECL,2021-08-26,Vitesse,Anderlecht,2,1,H
UECL,2021-08-26,Rosenborg,Rennes,1,3,A
UECL,2021-08-26,Hammarby FF,FC Basel 1893,3,1,H
UECL,2021-08-26,IF Elfsborg,Feyenoord,3,1,H
UECL,2021-08-26,FC Copenhagen,Sivasspor,5,0,H
UECL,2021-08-26,AS Roma,Trabzonspor,3,0,H
UECL,2021-08-26,CSKA Sofia,Plzen,3,0,H
UECL,2021-08-26,Anorthosis,Hapoel Beer Sheva,3,1,H
UECL,2021-08-26,Maccabi Haifa,Neftchi Baku,4,0,H
UECL,2021-08-26,Maccabi Tel Aviv,Shakhter Karagandy,2,0,H
UECL,2021-08-26,ST Johnstone,Lask Linz,0,2,A
UECL,2021-08-26,HNK Rijeka,PAOK,0,2,A
UECL,2021-08-26,Gent,Raków Częstochowa,3,0,H
UECL,2021-08-26,Union Berlin,KuPS,0,0,D
UECL,2021-08-26,Tottenham,Pacos Ferreira,3,0,H
UECL,2021-08-26,Aberdeen,Qarabag,1,3,A
UECL,2021-08-26,Shamrock Rovers,Flora Tallinn,0,1,A
UECL,2021-08-26,FK Partizan,Santa Clara,2,0,H
UECL,2021-09-14,Maccabi Tel Aviv,Alashkert,4,1,H
UECL,2021-09-14,Maccabi Haifa,Feyenoord,0,0,D
UECL,2021-09-16,Kairat Almaty,Omonia Nicosia,0,0,D
UECL,2021-09-16,Rennes,Tottenham,2,2,D
UECL,2021-09-16,Qarabag,FC Basel 1893,0,0,D
UECL,2021-09-16,Slavia Praha,Union Berlin,3,1,H
UECL,2021-09-16,HJK Helsinki,Lask Linz,0,2,A
UECL,2021-09-16,Slovan Bratislava,FC Copenhagen,1,3,A
UECL,2021-09-16,Lincoln Red Imps FC,PAOK,0,2,A
UECL,2021-09-16,Flora Tallinn,Gent,0,1,A
UECL,2021-09-16,Mura,Vitesse,0,2,A
UECL,2021-09-16,Bodo/Glimt,Zorya Luhansk,3,1,H
UECL,2021-09-16,Randers FC,AZ Alkmaar,2,2,D
UECL,2021-09-16,AS Roma,CSKA Sofia,5,1,H
UECL,2021-09-16,FK Jablonec,CFR 1907 Cluj,1,0,H
UECL,2021-09-16,Anorthosis,FK Partizan,0,2,A
UECL,2021-09-30,AZ Alkmaar,FK Jablonec,1,0,H
UECL,2021-09-30,FK Partizan,Flora Tallinn,2,0,H
UECL,2021-09-30,Alashkert,HJK Helsinki,2,4,A
UECL,2021-09-30,Zorya Luhansk,AS Roma,0,3,A
UECL,2021-09-30,Gent,Anorthosis,2,0,H
UECL,2021-09-30,CSKA Sofia,Bodo/Glimt,0,0,D
UECL,2021-09-30,Lask Linz,Maccabi Tel Aviv,1,1,D
UECL,2021-09-30,CFR 1907 Cluj,Randers FC,1,1,D
UECL,2021-09-30,Tottenham,Mura,5,1,H
UECL,2021-09-30,Union Berlin,Maccabi Haifa,3,0,H
UECL,2021-09-30,Vitesse,Rennes,1,2,A
UECL,2021-09-30,Feyenoord,Slavia Praha,2,1,H
UECL,2021-09-30,FC Copenhagen,Lincoln Red Imps FC,3,1,H
UECL,2021-09-30,FC Basel 1893,Kairat Almaty,4,2,H
UECL,2021-09-30,PAOK,Slovan Bratislava,1,1,D
UECL,2021-09-30,Omonia Nicosia,Qarabag,1,4,A
UECL,2021-10-21,HJK Helsinki,Maccabi Tel Aviv,0,5,A
UECL,2021-10-21,Vitesse,Tottenham,1,0,H
UECL,2021-10-21,Feyenoord,Union Berlin,3,1,H
UECL,2021-10-21,Bodo/Glimt,AS Roma,6,1,H
UECL,2021-10-21,FC Copenhagen,PAOK,1,2,A
UECL,2021-10-21,Qarabag,Kairat Almaty,2,1,H
UECL,2021-10-21,Alashkert,Lask Linz,0,3,A
UECL,2021-10-21,Anorthosis,Flora Tallinn,2,2,D
UECL,2021-10-21,Maccabi Haifa,Slavia Praha,1,0,H
UECL,2021-10-21,Mura,Rennes,1,2,A
UECL,2021-10-21,FC Basel 1893,Omonia Nicosia,3,1,H
UECL,2021-10-21,FK Partizan,Gent,0,1,A
UECL,2021-10-21,Slovan Bratislava,Lincoln Red Imps FC,2,0,H
UECL,2021-10-21,CSKA Sofia,Zorya Luhansk,0,1,A
UECL,2021-10-21,FK Jablonec,Randers FC,2,2,D
UECL,2021-10-21,CFR 1907 Cluj,AZ Alkmaar,0,1,A
UECL,2021-11-04,Kairat Almaty,Qarabag,1,2,A
UECL,2021-11-04,Flora Tallinn,Anorthosis,2,2,D
UECL,2021-11-04,AZ Alkmaar,CFR 1907 Cluj,2,0,H
UECL,2021-11-04,Randers FC,FK Jablonec,2,2,D
UECL,2021-11-04,Zorya Luhansk,CSKA Sofia,2,0,H
UECL,2021-11-04,Maccabi Tel Aviv,HJK Helsinki,3,0,H
UECL,2021-11-04,Gent,FK Partizan,1,1,D
UECL,2021-11-04,Lincoln Red Imps FC,Slovan Bratislava,1,4,A
UECL,2021-11-04,Lask Linz,Alashkert,2,0,H
UECL,2021-11-04,Omonia Nicosia,FC Basel 1893,1,1,D
UECL,2021-11-04,Tottenham,Vitesse,3,2,H
UECL,2021-11-04,Rennes,Mura,1,0,H
UECL,2021-11-04,Union Berlin,Feyenoord,1,2,A
UECL,2021-11-04,AS Roma,Bodo/Glimt,2,2,D
UECL,2021-11-04,Slavia Praha,Maccabi Haifa,1,0,H
UECL,2021-11-04,PAOK,FC Copenhagen,1,2,A
UECL,2021-11-25,Kairat Almaty,FC Basel 1893,2,3,A
UECL,2021-11-25,Flora Tallinn,FK Partizan,1,0,H
UECL,2021-11-25,Rennes,Vitesse,3,3,D
UECL,2021-11-25,Qarabag,Omonia Nicosia,2,2,D
UECL,2021-11-25,Slavia Praha,Feyenoord,2,2,D
UECL,2021-11-25,HJK Helsinki,Alashkert,1,0,H
UECL,2021-11-25,Slovan Bratislava,PAOK,0,0,D
UECL,2021-11-25,Lincoln Red Imps FC,FC Copenhagen,0,4,A
UECL,2021-11-25,Maccabi Haifa,Union Berlin,0,1,A
UECL,2021-11-25,Mura,Tottenham,2,1,H
UECL,2021-11-25,Bodo/Glimt,CSKA Sofia,2,0,H
UECL,2021-11-25,Randers FC,CFR 1907 Cluj,2,1,H
UECL,2021-11-25,AS Roma,Zorya Luhansk,4,0,H
UECL,2021-11-25,Maccabi Tel Aviv,Lask Linz,0,1,A
UECL,2021-11-25,FK Jablonec,AZ Alkmaar,1,1,D
UECL,2021-11-25,Anorthosis,Gent,1,0,H
UECL,2021-12-09,AZ Alkmaar,Randers FC,1,0,H
UECL,2021-12-09,FK Partizan,Anorthosis,1,1,D
UECL,2021-12-09,Alashkert,Maccabi Tel Aviv,1,1,D
UECL,2021-12-09,Zorya Luhansk,Bodo/Glimt,1,1,D
UECL,2021-12-09,Gent,Flora Tallinn,1,0,H
UECL,2021-12-09,CSKA Sofia,AS Roma,2,3,A
UECL,2021-12-09,Lask Linz,HJK Helsinki,3,0,H
UECL,2021-12-09,CFR 1907 Cluj,FK Jablonec,2,0,H
UECL,2021-12-09,Tottenham,Rennes,0,3,A
UECL,2021-12-09,Union Berlin,Slavia Praha,1,1,D
UECL,2021-12-09,Vitesse,Mura,3,1,H
UECL,2021-12-09,Feyenoord,Maccabi Haifa,2,1,H
UECL,2021-12-09,FC Copenhagen,Slovan Bratislava,2,0,H
UECL,2021-12-09,FC Basel 1893,Qarabag,3,0,H
UECL,2021-12-09,PAOK,Lincoln Red Imps FC,2,0,H
UECL,2021-12-09,Omonia Nicosia,Kairat Almaty,0,0,D
UECL,2022-02-17,PSV Eindhoven,Maccabi Tel Aviv,1,0,H
UECL,2022-02-17,FC Midtjylland,PAOK,1,0,H
UECL,2022-02-17,Fenerbahçe,Slavia Praha,2,3,A
UECL,2022-02-17,Rapid Vienna,Vitesse,2,1,H
UECL,2022-02-17,Leicester,Randers FC,4,1,H
UECL,2022-02-17,Marseille,Qarabag,3,1,H
UECL,2022-02-17,Celtic,Bodo/Glimt,1,3,A
UECL,2022-02-17,Sparta Praha,FK Partizan,0,1,A
UECL,2022-02-24,Bodo/Glimt,Celtic,2,0,H
UECL,2022-02-24,Randers FC,Leicester,1,3,A
UECL,2022-02-24,Qarabag,Marseille,0,3,A
UECL,2022-02-24,FK Partizan,Sparta Praha,2,1,H
UECL,2022-02-24,Maccabi Tel Aviv,PSV Eindhoven,1,1,D
UECL,2022-02-24,Vitesse,Rapid Vienna,2,0,H
UECL,2022-02-24,Slavia Praha,Fenerbahçe,3,2,H
UECL,2022-02-24,PAOK,FC Midtjylland,2,1,H
UECL,2022-03-10,Vitesse,AS Roma,0,1,A
UECL,2022-03-10,Slavia Praha,Lask Linz,4,1,H
UECL,2022-03-10,FK Partizan,Feyenoord,2,5,A
UECL,2022-03-10,PAOK,Gent,1,0,H
UECL,2022-03-10,Leicester,Rennes,2,0,H
UECL,2022-03-10,Marseille,FC Basel 1893,2,1,H
UECL,2022-03-10,PSV Eindhoven,FC Copenhagen,4,4,D
UECL,2022-03-10,Bodo/Glimt,AZ Alkmaar,2,1,H
UECL,2022-03-17,Rennes,Leicester,2,1,H
UECL,2022-03-17,AZ Alkmaar,Bodo/Glimt,2,2,D
UECL,2022-03-17,FC Copenhagen,PSV Eindhoven,0,4,A
UECL,2022-03-17,FC Basel 1893,Marseille,1,2,A
UECL,2022-03-17,Feyenoord,FK Partizan,3,1,H
UECL,2022-03-17,AS Roma,Vitesse,1,1,D
UECL,2022-03-17,Gent,PAOK,1,2,A
UECL,2022-03-17,Lask Linz,Slavia Praha,4,3,H
UECL,2022-04-07,Feyenoord,Slavia Praha,3,3,D
UECL,2022-04-07,Leicester,PSV Eindhoven,0,0,D
UECL,2022-04-07,Marseille,PAOK,2,1,H
UECL,2022-04-07,Bodo/Glimt,AS Roma,2,1,H
UECL,2022-04-14,PSV Eindhoven,Leicester,1,2,A
UECL,2022-04-14,AS Roma,Bodo/Glimt,4,0,H
UECL,2022-04-14,Slavia Praha,Feyenoord,1,3,A
UECL,2022-04-14,PAOK,Marseille,0,1,A
UECL,2022-04-28,Leicester,AS Roma,1,1,D
UECL,2022-04-28,Feyenoord,Marseille,3,2,H
UECL,2022-05-05,Marseille,Feyenoord,0,0,D
UECL,2022-05-05,AS Roma,Leicester,1,0,H
UECL,2022-05-25,AS Roma,Feyenoord,1,0,H
UECL,2022-07-05,St Joseph S Fc,Larne,0,0,D
UECL,2022-07-05,Gzira United,Atlètic Club d'Escaldes,1,1,D
UECL,2022-07-06,Inter Turku,Drita,1,0,H
UECL,2022-07-06,Vikingur Gota,Europa,1,0,H
UECL,2022-07-07,Alashkert,Hamrun Spartans,1,0,H
UECL,2022-07-07,UE Santa Coloma,Breidablik,0,1,A
UECL,2022-07-07,Pogon Szczecin,KR Reykjavik,4,1,H
UECL,2022-07-07,Flora Tallinn,SJK,1,0,H
UECL,2022-07-07,KuPS,Dila,2,0,H
UECL,2022-07-07,Borac Banja Luka,B36 Torshavn,2,0,H
UECL,2022-07-07,Saburtalo,Partizani,0,1,A
UECL,2022-07-07,Panevėžys,Milsami Orhei,0,0,D
UECL,2022-07-07,Magpies,Crusaders FC,2,1,H
UECL,2022-07-07,Ružomberok,Kauno Žalgiris,2,0,H
UECL,2022-07-07,Olimpija Ljubljana,FC Differdange 03,1,1,D
UECL,2022-07-07,Dinamo Tbilisi,Paide,2,3,A
UECL,2022-07-07,Floriana,Petrocub,0,0,D
UECL,2022-07-07,Sfîntul Gheorghe,Mura,1,2,A
UECL,2022-07-07,Bala Town,Sligo Rovers,1,2,A
UECL,2022-07-07,Dinamo Minsk,Dečić,1,1,D
UECL,2022-07-07,Shkendija,Ararat,2,0,H
UECL,2022-07-07,Fola Esch,Tre Fiori,0,1,A
UECL,2022-07-07,Laci,Iskra,0,0,D
UECL,2022-07-07,HB Torshavn,Newtown AFC,1,0,H
UECL,2022-07-07,Gjilani,FK Liepaja,1,0,H
UECL,2022-07-07,Lechia Gdansk,Akademija Pandev,4,1,H
UECL,2022-07-07,Buducnost Podgorica,Llapi,2,0,H
UECL,2022-07-07,Dunajska Streda,Cliftonville FC,2,1,H
UECL,2022-07-07,Derry City,Riga,0,2,A
UECL,2022-07-07,Tre Penne,Tuzla City,0,2,A
UECL,2022-07-12,Drita,Inter Turku,3,0,H
UECL,2022-07-14,FK Liepaja,Gjilani,3,1,H
UECL,2022-07-14,Ararat,Shkendija,2,2,D
UECL,2022-07-14,Akademija Pandev,Lechia Gdansk,1,2,A
UECL,2022-07-14,Europa,Vikingur Gota,1,2,A
UECL,2022-07-14,SJK,Flora Tallinn,4,2,H
UECL,2022-07-14,Milsami Orhei,Panevėžys,2,0,H
UECL,2022-07-14,Tuzla City,Tre Penne,6,0,H
UECL,2022-07-14,Paide,Dinamo Tbilisi,1,2,A
UECL,2022-07-14,Kauno Žalgiris,Ružomberok,0,0,D
UECL,2022-07-14,B36 Torshavn,Borac Banja Luka,3,1,H
UECL,2022-07-14,Petrocub,Floriana,1,0,H
UECL,2022-07-14,Atlètic Club d'Escaldes,Gzira United,0,1,A
UECL,2022-07-14,Dila,KuPS,0,0,D
UECL,2022-07-14,Riga,Derry City,2,0,H
UECL,2022-07-14,Newtown AFC,HB Torshavn,2,1,H
UECL,2022-07-14,FC Differdange 03,Olimpija Ljubljana,1,2,A
UECL,2022-07-14,Partizani,Saburtalo,0,1,A
UECL,2022-07-14,Sligo Rovers,Bala Town,0,1,A
UECL,2022-07-14,Mura,Sfîntul Gheorghe,2,1,H
UECL,2022-07-14,Hamrun Spartans,Alashkert,4,1,H
UECL,2022-07-14,Llapi,Buducnost Podgorica,2,2,D
UECL,2022-07-14,KR Reykjavik,Pogon Szczecin,1,0,H
UECL,2022-07-14,Tre Fiori,Fola Esch,3,1,H
UECL,2022-07-14,Dečić,Dinamo Minsk,1,2,A
UECL,2022-07-14,Larne,St Joseph S Fc,0,1,A
UECL,2022-07-14,Crusaders FC,Magpies,3,1,H
UECL,2022-07-14,Cliftonville FC,Dunajska Streda,0,3,A
UECL,2022-07-14,Iskra,Laci,0,1,A
UECL,2022-07-14,Breidablik,UE Santa Coloma,4,1,H
UECL,2022-07-19,Tirana,Zrinjski,0,1,A
UECL,2022-07-19,Hibernians,FC Levadia Tallinn,3,2,H
UECL,2022-07-19,La Fiorita,Ballkani,0,4,A
UECL,2022-07-20,Vikingur Gota,Dunajska Streda,0,2,A
UECL,2022-07-20,Botev Plovdiv,Apoel Nicosia,0,0,D
UECL,2022-07-20,Sutjeska,KI Klaksvik,0,0,D
UECL,2022-07-21,Kyzyl-Zhar,NK Osijek,1,2,A
UECL,2022-07-21,FK Liepaja,BSC Young Boys,0,1,A
UECL,2022-07-21,Kairat Almaty,Kisvarda FC,0,1,A
UECL,2022-07-21,FK Tobol Kostanay,Lincoln Red Imps FC,2,0,H
UECL,2022-07-21,Ararat-Armenia,Paide,0,0,D
UECL,2022-07-21,Valmiera / BSS,Shkendija,1,2,A
UECL,2022-07-21,Makedonija GjP,CSKA Sofia,0,0,D
UECL,2022-07-21,Molde,IF Elfsborg,4,1,H
UECL,2022-07-21,Lech Poznan,Dinamo Batumi,5,0,H
UECL,2022-07-21,Zira,Maccabi Tel Aviv,0,3,A
UECL,2022-07-21,SJK,Lillestrom,0,1,A
UECL,2022-07-21,KuPS,Milsami Orhei,2,2,D
UECL,2022-07-21,Saburtalo,FCSB,1,0,H
UECL,2022-07-21,Koper,FC Vaduz,0,1,A
UECL,2022-07-21,Pogon Szczecin,Brondby,1,1,D
UECL,2022-07-21,Suduva Marijampole,Viborg,0,1,A
UECL,2022-07-21,Ružomberok,Riga,0,3,A
UECL,2022-07-21,FC Basel 1893,Crusaders FC,2,0,H
UECL,2022-07-21,Fehérvár FC,Qabala,4,1,H
UECL,2022-07-21,Sparta Praha,Viking,0,0,D
UECL,2022-07-21,Levski Sofia,PAOK,2,0,H
UECL,2022-07-21,B36 Torshavn,Tre Fiori,1,0,H
UECL,2022-07-21,St Joseph S Fc,Slavia Praha,0,4,A
UECL,2022-07-21,Antwerp,Drita,0,0,D
UECL,2022-07-21,Rapid Vienna,Lechia Gdansk,0,0,D
UECL,2022-07-21,Vorskla Poltava,AIK Stockholm,3,2,H
UECL,2022-07-21,Gzira United,Radnicki NIS,2,2,D
UECL,2022-07-21,Petrocub,Laci,0,0,D
UECL,2022-07-21,Hapoel Beer Sheva,Dinamo Minsk,2,1,H
UECL,2022-07-21,CFR 1907 Cluj,Inter Club d'Escaldes,3,0,H
UECL,2022-07-21,Aris,Neftchi Baku,2,0,H
UECL,2022-07-21,Başakşehir,Maccabi Netanya,1,1,D
UECL,2022-07-21,Aris Thessalonikis,FC Gomel,5,1,H
UECL,2022-07-21,Racing FC Union Luxembourg,Cukaricki,1,4,A
UECL,2022-07-21,Sepsi OSK Sfantu Gheorghe,Olimpija Ljubljana,3,1,H
UECL,2022-07-21,AZ Alkmaar,Tuzla City,1,0,H
UECL,2022-07-21,HNK Rijeka,Djurgardens IF,1,2,A
UECL,2022-07-21,Spartak Trnava,Newtown AFC,4,1,H
UECL,2022-07-21,Velež,Hamrun Spartans,0,1,A
UECL,2022-07-21,Motherwell,Sligo Rovers,0,1,A
UECL,2022-07-21,St Patrick's Athl.,Mura,1,1,D
UECL,2022-07-21,Bate Borisov,Konyaspor,0,3,A
UECL,2022-07-21,Vllaznia Shkodër,CS Universitatea Craiova,1,1,D
UECL,2022-07-21,Raków Częstochowa,FC Astana,5,0,H
UECL,2022-07-21,Breidablik,Buducnost Podgorica,2,0,H
UECL,2022-07-21,Guimaraes,Puskas Academy,3,0,H
UECL,2022-07-21,Vikingur Reykjavik,The New Saints,2,0,H
UECL,2022-07-26,Lincoln Red Imps FC,FK Tobol Kostanay,0,1,A
UECL,2022-07-26,The New Saints,Vikingur Reykjavik,0,0,D
UECL,2022-07-26,Ballkani,La Fiorita,6,0,H
UECL,2022-07-27,Inter Club d'Escaldes,CFR 1907 Cluj,1,1,D
UECL,2022-07-27,AIK Stockholm,Vorskla Poltava,2,0,H
UECL,2022-07-27,FC Gomel,Aris Thessalonikis,1,2,A
UECL,2022-07-27,KI Klaksvik,Sutjeska,1,0,H
UECL,2022-07-28,FC Astana,Raków Częstochowa,0,1,A
UECL,2022-07-28,Qabala,Fehérvár FC,2,1,H
UECL,2022-07-28,Milsami Orhei,KuPS,1,4,A
UECL,2022-07-28,Kisvarda FC,Kairat Almaty,1,0,H
UECL,2022-07-28,Paide,Ararat-Armenia,0,0,D
UECL,2022-07-28,IF Elfsborg,Molde,1,2,A
UECL,2022-07-28,Maccabi Netanya,Başakşehir,0,1,A
UECL,2022-07-28,Lillestrom,SJK,5,2,H
UECL,2022-07-28,Newtown AFC,Spartak Trnava,1,2,A
UECL,2022-07-28,Djurgardens IF,HNK Rijeka,2,0,H
UECL,2022-07-28,Slavia Praha,St Joseph S Fc,7,0,H
UECL,2022-07-28,Olimpija Ljubljana,Sepsi OSK Sfantu Gheorghe,2,0,H
UECL,2022-07-28,Dinamo Batumi,Lech Poznan,1,1,D
UECL,2022-07-28,Viking,Sparta Praha,2,1,H
UECL,2022-07-28,CSKA Sofia,Makedonija GjP,4,0,H
UECL,2022-07-28,Viborg,Suduva Marijampole,1,0,H
UECL,2022-07-28,Apoel Nicosia,Botev Plovdiv,2,0,H
UECL,2022-07-28,Radnicki NIS,Gzira United,3,3,D
UECL,2022-07-28,Neftchi Baku,Aris,3,0,H
UECL,2022-07-28,FC Levadia Tallinn,Hibernians,1,1,D
UECL,2022-07-28,Riga,Ružomberok,2,1,H
UECL,2022-07-28,FCSB,Saburtalo,4,2,H
UECL,2022-07-28,Maccabi Tel Aviv,Zira,0,0,D
UECL,2022-07-28,PAOK,Levski Sofia,1,1,D
UECL,2022-07-28,CS Universitatea Craiova,Vllaznia Shkodër,3,0,H
UECL,2022-07-28,Lechia Gdansk,Rapid Vienna,1,2,A
UECL,2022-07-28,Dinamo Minsk,Hapoel Beer Sheva,0,1,A
UECL,2022-07-28,Brondby,Pogon Szczecin,4,0,H
UECL,2022-07-28,BSC Young Boys,FK Liepaja,3,0,H
UECL,2022-07-28,Konyaspor,Bate Borisov,2,0,H
UECL,2022-07-28,Shkendija,Valmiera / BSS,3,1,H
UECL,2022-07-28,FC Vaduz,Koper,1,1,D
UECL,2022-07-28,Laci,Petrocub,1,4,A
UECL,2022-07-28,Cukaricki,Racing FC Union Luxembourg,4,0,H
UECL,2022-07-28,Sligo Rovers,Motherwell,2,0,H
UECL,2022-07-28,Mura,St Patrick's Athl.,0,0,D
UECL,2022-07-28,Hamrun Spartans,Velež,1,0,H
UECL,2022-07-28,Drita,Antwerp,0,2,A
UECL,2022-07-28,Buducnost Podgorica,Breidablik,2,1,H
UECL,2022-07-28,NK Osijek,Kyzyl-Zhar,0,2,A
UECL,2022-07-28,Tre Fiori,B36 Torshavn,0,0,D
UECL,2022-07-28,Tuzla City,AZ Alkmaar,0,4,A
UECL,2022-07-28,Zrinjski,Tirana,3,2,H
UECL,2022-07-28,Crusaders FC,FC Basel 1893,1,1,D
UECL,2022-07-28,Dunajska Streda,Vikingur Gota,2,0,H
UECL,2022-07-28,Puskas Academy,Guimaraes,0,0,D
UECL,2022-08-03,Viborg,B36 Torshavn,3,0,H
UECL,2022-08-03,Riga,GIL Vicente,1,1,D
UECL,2022-08-03,Wolfsberger AC,Gzira United,0,0,D
UECL,2022-08-03,Dunajska Streda,FCSB,0,1,A
UECL,2022-08-04,KuPS,BSC Young Boys,0,2,A
UECL,2022-08-04,Rīgas FS,Hibernians,1,1,D
UECL,2022-08-04,Spartak Trnava,Raków Częstochowa,0,2,A
UECL,2022-08-04,Paide,Anderlecht,0,2,A
UECL,2022-08-04,Lillestrom,Antwerp,1,3,A
UECL,2022-08-04,Molde,Kisvarda FC,3,0,H
UECL,2022-08-04,AIK Stockholm,Shkendija,1,1,D
UECL,2022-08-04,Shakhter Soligorsk,CFR 1907 Cluj,0,0,D
UECL,2022-08-04,Slavia Praha,Panathinaikos,2,0,H
UECL,2022-08-04,Maccabi Tel Aviv,Aris Thessalonikis,2,0,H
UECL,2022-08-04,Viking,Sligo Rovers,5,1,H
UECL,2022-08-04,CSKA Sofia,St Patrick's Athl.,0,1,A
UECL,2022-08-04,Apoel Nicosia,Kyzyl-Zhar,1,0,H
UECL,2022-08-04,Neftchi Baku,Rapid Vienna,2,1,H
UECL,2022-08-04,Zorya Luhansk,Universitatea Craiova,1,0,H
UECL,2022-08-04,Hamrun Spartans,Levski Sofia,0,1,A
UECL,2022-08-04,FC Lugano,Hapoel Beer Sheva,0,2,A
UECL,2022-08-04,FC Vaduz,Konyaspor,1,1,D
UECL,2022-08-04,Sepsi OSK Sfantu Gheorghe,Djurgardens IF,1,3,A
UECL,2022-08-04,Cukaricki,Twente,1,3,A
UECL,2022-08-04,Ballkani,KI Klaksvik,3,2,H
UECL,2022-08-04,Brondby,FC Basel 1893,1,0,H
UECL,2022-08-04,Breidablik,Başakşehir,1,3,A
UECL,2022-08-04,Vikingur Reykjavik,Lech Poznan,1,0,H
UECL,2022-08-04,Fehérvár FC,Petrocub,5,0,H
UECL,2022-08-04,Zrinjski,FK Tobol Kostanay,1,0,H
UECL,2022-08-04,HNK Hajduk Split,Guimaraes,3,1,H
UECL,2022-08-04,Dundee Utd,AZ Alkmaar,1,0,H
UECL,2022-08-09,Gzira United,Wolfsberger AC,0,4,A
UECL,2022-08-09,B36 Torshavn,Viborg,1,2,A
UECL,2022-08-10,Guimaraes,HNK Hajduk Split,1,0,H
UECL,2022-08-11,Kyzyl-Zhar,Apoel Nicosia,0,0,D
UECL,2022-08-11,FK Tobol Kostanay,Zrinjski,1,1,D
UECL,2022-08-11,Raków Częstochowa,Spartak Trnava,1,0,H
UECL,2022-08-11,Djurgardens IF,Sepsi OSK Sfantu Gheorghe,3,1,H
UECL,2022-08-11,Twente,Cukaricki,4,1,H
UECL,2022-08-11,FC Basel 1893,Brondby,2,1,H
UECL,2022-08-11,Hapoel Beer Sheva,FC Lugano,3,1,H
UECL,2022-08-11,Konyaspor,FC Vaduz,2,4,A
UECL,2022-08-11,CFR 1907 Cluj,Shakhter Soligorsk,1,0,H
UECL,2022-08-11,Petrocub,Fehérvár FC,1,2,A
UECL,2022-08-11,FCSB,Dunajska Streda,1,0,H
UECL,2022-08-11,Panathinaikos,Slavia Praha,1,1,D
UECL,2022-08-11,Universitatea Craiova,Zorya Luhansk,3,0,H
UECL,2022-08-11,Antwerp,Lillestrom,2,0,H
UECL,2022-08-11,Başakşehir,Breidablik,3,0,H
UECL,2022-08-11,Anderlecht,Paide,3,0,H
UECL,2022-08-11,Shkendija,AIK Stockholm,1,1,D
UECL,2022-08-11,Levski Sofia,Hamrun Spartans,1,2,A
UECL,2022-08-11,KI Klaksvik,Ballkani,2,1,H
UECL,2022-08-11,Aris Thessalonikis,Maccabi Tel Aviv,2,1,H
UECL,2022-08-11,Sligo Rovers,Viking,1,0,H
UECL,2022-08-11,Hibernians,Rīgas FS,1,3,A
UECL,2022-08-11,Lech Poznan,Vikingur Reykjavik,4,1,H
UECL,2022-08-11,Rapid Vienna,Neftchi Baku,2,0,H
UECL,2022-08-11,St Patrick's Athl.,CSKA Sofia,0,2,A
UECL,2022-08-11,AZ Alkmaar,Dundee Utd,7,0,H
UECL,2022-08-11,BSC Young Boys,KuPS,3,0,H
UECL,2022-08-11,GIL Vicente,Riga,4,0,H
UECL,2022-08-11,Kisvarda FC,Molde,2,1,H
UECL,2022-08-17,Djurgardens IF,Apoel Nicosia,3,0,H
UECL,2022-08-18,Raków Częstochowa,Slavia Praha,2,1,H
UECL,2022-08-18,Molde,Wolfsberger AC,0,1,A
UECL,2022-08-18,BSC Young Boys,Anderlecht,0,1,A
UECL,2022-08-18,Maccabi Tel Aviv,Nice,1,0,H
UECL,2022-08-18,CSKA Sofia,FC Basel 1893,1,0,H
UECL,2022-08-18,Slovácko,AIK Stockholm,3,0,H
UECL,2022-08-18,Rīgas FS,Linfield,2,2,D
UECL,2022-08-18,Universitatea Craiova,Hapoel Beer Sheva,1,1,D
UECL,2022-08-18,Başakşehir,Antwerp,1,1,D
UECL,2022-08-18,Zrinjski,Slovan Bratislava,1,0,H
UECL,2022-08-18,FC Vaduz,Rapid Vienna,1,1,D
UECL,2022-08-18,Maribor,CFR 1907 Cluj,0,0,D
UECL,2022-08-18,1. FC Köln,Fehérvár FC,1,2,A
UECL,2022-08-18,Lech Poznan,F91 Dudelange,2,0,H
UECL,2022-08-18,FCSB,Viking,1,2,A
UECL,2022-08-18,West Ham,Viborg,3,1,H
UECL,2022-08-18,Villarreal,HNK Hajduk Split,4,2,H
UECL,2022-08-18,AZ Alkmaar,GIL Vicente,4,0,H
UECL,2022-08-18,Fiorentina,Twente,2,1,H
UECL,2022-08-18,FK Partizan,Hamrun Spartans,4,1,H
UECL,2022-08-18,Shkupi 1927,Ballkani,1,2,A
UECL,2022-08-23,Apoel Nicosia,Djurgardens IF,3,2,H
UECL,2022-08-25,AIK Stockholm,Slovácko,0,1,A
UECL,2022-08-25,Twente,Fiorentina,0,0,D
UECL,2022-08-25,FC Basel 1893,CSKA Sofia,2,0,H
UECL,2022-08-25,Slavia Praha,Raków Częstochowa,2,0,H
UECL,2022-08-25,Hapoel Beer Sheva,Universitatea Craiova,1,1,D
UECL,2022-08-25,Fehérvár FC,1. FC Köln,0,3,A
UECL,2022-08-25,Viking,FCSB,1,3,A
UECL,2022-08-25,Wolfsberger AC,Molde,0,4,A
UECL,2022-08-25,Viborg,West Ham,0,3,A
UECL,2022-08-25,CFR 1907 Cluj,Maribor,1,0,H
UECL,2022-08-25,Nice,Maccabi Tel Aviv,2,0,H
UECL,2022-08-25,Anderlecht,BSC Young Boys,0,1,A
UECL,2022-08-25,Hamrun Spartans,FK Partizan,3,3,D
UECL,2022-08-25,Ballkani,Shkupi 1927,1,0,H
UECL,2022-08-25,F91 Dudelange,Lech Poznan,1,1,D
UECL,2022-08-25,Slovan Bratislava,Zrinjski,2,1,H
UECL,2022-08-25,Linfield,Rīgas FS,1,1,D
UECL,2022-08-25,Antwerp,Başakşehir,1,3,A
UECL,2022-08-25,HNK Hajduk Split,Villarreal,0,2,A
UECL,2022-08-25,GIL Vicente,AZ Alkmaar,1,2,A
UECL,2022-08-25,Rapid Vienna,FC Vaduz,0,1,A
UECL,2022-09-08,Nice,1. FC Köln,1,1,D
UECL,2022-09-08,Heart Of Midlothian,Başakşehir,0,4,A
UECL,2022-09-08,Fiorentina,Rīgas FS,1,1,D
UECL,2022-09-08,Villarreal,Lech Poznan,4,3,H
UECL,2022-09-08,Anderlecht,Silkeborg,1,0,H
UECL,2022-09-08,Austria Vienna,Hapoel Beer Sheva,0,0,D
UECL,2022-09-08,Slovácko,FK Partizan,3,3,D
UECL,2022-09-08,Ballkani,CFR 1907 Cluj,1,1,D
UECL,2022-09-08,West Ham,FCSB,3,1,H
UECL,2022-09-08,Molde,Gent,0,0,D
UECL,2022-09-08,FC Basel 1893,Pyunik Yerevan,3,1,H
UECL,2022-09-08,Shamrock Rovers,Djurgardens IF,0,0,D
UECL,2022-09-08,Slovan Bratislava,FK Zalgiris Vilnius,0,0,D
UECL,2022-09-08,FC Vaduz,Apollon Limassol,0,0,D
UECL,2022-09-08,Sivasspor,Slavia Praha,1,1,D
UECL,2022-09-08,Dnipro-1,AZ Alkmaar,0,1,A
UECL,2022-09-15,AZ Alkmaar,FC Vaduz,4,1,H
UECL,2022-09-15,Djurgardens IF,Molde,3,2,H
UECL,2022-09-15,Slavia Praha,Ballkani,3,2,H
UECL,2022-09-15,FK Zalgiris Vilnius,FC Basel 1893,0,1,A
UECL,2022-09-15,Apollon Limassol,Dnipro-1,1,3,A
UECL,2022-09-15,Gent,Shamrock Rovers,3,0,H
UECL,2022-09-15,Pyunik Yerevan,Slovan Bratislava,2,0,H
UECL,2022-09-15,CFR 1907 Cluj,Sivasspor,0,1,A
UECL,2022-09-15,1. FC Köln,Slovácko,4,2,H
UECL,2022-09-15,Lech Poznan,Austria Vienna,4,1,H
UECL,2022-09-15,FCSB,Anderlecht,0,0,D
UECL,2022-09-15,Hapoel Beer Sheva,Villarreal,1,2,A
UECL,2022-09-15,Başakşehir,Fiorentina,3,0,H
UECL,2022-09-15,FK Partizan,Nice,1,1,D
UECL,2022-09-15,Silkeborg,West Ham,2,3,A
UECL,2022-09-15,Rīgas FS,Heart Of Midlothian,0,2,A
UECL,2022-10-06,Molde,Shamrock Rovers,3,0,H
UECL,2022-10-06,Lech Poznan,Hapoel Beer Sheva,0,0,D
UECL,2022-10-06,Anderlecht,West Ham,0,1,A
UECL,2022-10-06,Pyunik Yerevan,FK Zalgiris Vilnius,2,0,H
UECL,2022-10-06,Sivasspor,Ballkani,3,4,A
UECL,2022-10-06,Silkeborg,FCSB,5,0,H
UECL,2022-10-06,Dnipro-1,FC Vaduz,2,2,D
UECL,2022-10-06,Slovácko,Nice,0,1,A
UECL,2022-10-06,1. FC Köln,FK Partizan,0,1,A
UECL,2022-10-06,AZ Alkmaar,Apollon Limassol,3,2,H
UECL,2022-10-06,Heart Of Midlothian,Fiorentina,0,3,A
UECL,2022-10-06,Villarreal,Austria Vienna,5,0,H
UECL,2022-10-06,FC Basel 1893,Slovan Bratislava,0,2,A
UECL,2022-10-06,Slavia Praha,CFR 1907 Cluj,0,1,A
UECL,2022-10-06,Gent,Djurgardens IF,0,1,A
UECL,2022-10-06,Rīgas FS,Başakşehir,0,0,D
UECL,2022-10-13,Djurgardens IF,Gent,4,2,H
UECL,2022-10-13,Fiorentina,Heart Of Midlothian,5,1,H
UECL,2022-10-13,Başakşehir,Rīgas FS,3,0,H
UECL,2022-10-13,FK Partizan,1. FC Köln,2,0,H
UECL,2022-10-13,Austria Vienna,Villarreal,0,1,A
UECL,2022-10-13,Apollon Limassol,AZ Alkmaar,1,0,H
UECL,2022-10-13,Slovan Bratislava,FC Basel 1893,3,3,D
UECL,2022-10-13,CFR 1907 Cluj,Slavia Praha,2,0,H
UECL,2022-10-13,West Ham,Anderlecht,2,1,H
UECL,2022-10-13,Nice,Slovácko,1,2,A
UECL,2022-10-13,FCSB,Silkeborg,0,5,A
UECL,2022-10-13,Hapoel Beer Sheva,Lech Poznan,1,1,D
UECL,2022-10-13,FK Zalgiris Vilnius,Pyunik Yerevan,2,1,H
UECL,2022-10-13,Shamrock Rovers,Molde,0,2,A
UECL,2022-10-13,FC Vaduz,Dnipro-1,1,2,A
UECL,2022-10-13,Ballkani,Sivasspor,1,2,A
UECL,2022-10-27,Nice,FK Partizan,2,1,H
UECL,2022-10-27,Fiorentina,Başakşehir,2,1,H
UECL,2022-10-27,Villarreal,Hapoel Beer Sheva,2,2,D
UECL,2022-10-27,Anderlecht,FCSB,2,2,D
UECL,2022-10-27,Austria Vienna,Lech Poznan,1,1,D
UECL,2022-10-27,FC Vaduz,AZ Alkmaar,1,2,A
UECL,2022-10-27,West Ham,Silkeborg,1,0,H
UECL,2022-10-27,Heart Of Midlothian,Rīgas FS,2,1,H
UECL,2022-10-27,Molde,Djurgardens IF,2,3,A
UECL,2022-10-27,FC Basel 1893,FK Zalgiris Vilnius,2,2,D
UECL,2022-10-27,Shamrock Rovers,Gent,1,1,D
UECL,2022-10-27,Slovan Bratislava,Pyunik Yerevan,2,1,H
UECL,2022-10-27,Sivasspor,CFR 1907 Cluj,3,0,H
UECL,2022-10-27,Dnipro-1,Apollon Limassol,1,0,H
UECL,2022-10-27,Ballkani,Slavia Praha,0,1,A
UECL,2022-10-28,Slovácko,1. FC Köln,0,1,A
UECL,2022-11-03,Başakşehir,Heart Of Midlothian,3,1,H
UECL,2022-11-03,Rīgas FS,Fiorentina,0,3,A
UECL,2022-11-03,AZ Alkmaar,Dnipro-1,2,1,H
UECL,2022-11-03,Djurgardens IF,Shamrock Rovers,1,0,H
UECL,2022-11-03,Slavia Praha,Sivasspor,1,1,D
UECL,2022-11-03,FK Zalgiris Vilnius,Slovan Bratislava,1,2,A
UECL,2022-11-03,Apollon Limassol,FC Vaduz,1,0,H
UECL,2022-11-03,Gent,Molde,4,0,H
UECL,2022-11-03,Pyunik Yerevan,FC Basel 1893,1,2,A
UECL,2022-11-03,CFR 1907 Cluj,Ballkani,1,0,H
UECL,2022-11-03,1. FC Köln,Nice,2,2,D
UECL,2022-11-03,Lech Poznan,Villarreal,3,0,H
UECL,2022-11-03,FCSB,West Ham,0,3,A
UECL,2022-11-03,Hapoel Beer Sheva,Austria Vienna,4,0,H
UECL,2022-11-03,FK Partizan,Slovácko,1,1,D
UECL,2022-11-03,Silkeborg,Anderlecht,0,2,A
UECL,2023-02-16,SC Braga,Fiorentina,0,4,A
UECL,2023-02-16,Bodo/Glimt,Lech Poznan,0,0,D
UECL,2023-02-16,Qarabag,Gent,1,0,H
UECL,2023-02-16,Trabzonspor,FC Basel 1893,1,0,H
UECL,2023-02-16,Lazio,CFR 1907 Cluj,1,0,H
UECL,2023-02-16,Ludogorets,Anderlecht,1,0,H
UECL,2023-02-16,Sheriff Tiraspol,FK Partizan,0,1,A
UECL,2023-02-16,AEK Larnaca,Dnipro-1,1,0,H
UECL,2023-02-23,Anderlecht,Ludogorets,2,1,H
UECL,2023-02-23,FK Partizan,Sheriff Tiraspol,1,3,A
UECL,2023-02-23,CFR 1907 Cluj,Lazio,0,0,D
UECL,2023-02-23,Dnipro-1,AEK Larnaca,0,0,D
UECL,2023-02-23,Lech Poznan,Bodo/Glimt,1,0,H
UECL,2023-02-23,Fiorentina,SC Braga,3,2,H
UECL,2023-02-23,FC Basel 1893,Trabzonspor,2,0,H
UECL,2023-02-23,Gent,Qarabag,1,0,H
UECL,2023-03-07,Lazio,AZ Alkmaar,1,2,A
UECL,2023-03-09,Anderlecht,Villarreal,1,1,D
UECL,2023-03-09,Sheriff Tiraspol,Nice,0,1,A
UECL,2023-03-09,AEK Larnaca,West Ham,0,2,A
UECL,2023-03-09,Lech Poznan,Djurgardens IF,2,0,H
UECL,2023-03-09,Fiorentina,Sivasspor,1,0,H
UECL,2023-03-09,FC Basel 1893,Slovan Bratislava,2,2,D
UECL,2023-03-09,Gent,Başakşehir,1,1,D
UECL,2023-03-15,Başakşehir,Gent,1,4,A
UECL,2023-03-16,Djurgardens IF,Lech Poznan,0,3,A
UECL,2023-03-16,Slovan Bratislava,FC Basel 1893,2,2,D
UECL,2023-03-16,Sivasspor,Fiorentina,1,4,A
UECL,2023-03-16,West Ham,AEK Larnaca,4,0,H
UECL,2023-03-16,Nice,Sheriff Tiraspol,3,1,H
UECL,2023-03-16,AZ Alkmaar,Lazio,2,1,H
UECL,2023-03-16,Villarreal,Anderlecht,0,1,A
UECL,2023-04-13,Gent,West Ham,1,1,D
UECL,2023-04-13,Lech Poznan,Fiorentina,1,4,A
UECL,2023-04-13,FC Basel 1893,Nice,2,2,D
UECL,2023-04-13,Anderlecht,AZ Alkmaar,2,0,H
UECL,2023-04-20,AZ Alkmaar,Anderlecht,2,0,H
UECL,2023-04-20,Fiorentina,Lech Poznan,2,3,A
UECL,2023-04-20,West Ham,Gent,4,1,H
UECL,2023-04-20,Nice,FC Basel 1893,1,2,A
UECL,2023-05-11,West Ham,AZ Alkmaar,2,1,H
UECL,2023-05-11,Fiorentina,FC Basel 1893,1,2,A
UECL,2023-05-18,AZ Alkmaar,West Ham,0,1,A
UECL,2023-05-18,FC Basel 1893,Fiorentina,1,3,A
UECL,2023-06-07,Fiorentina,West Ham,1,2,A
UECL,2023-07-12,F91 Dudelange,St Patrick's Athl.,2,1,H
UECL,2023-07-12,B36 Torshavn,Paide,0,0,D
UECL,2023-07-13,Pyunik Yerevan,Trans Narva,2,0,H
UECL,2023-07-13,FK Tobol Kostanay,Honka,2,1,H
UECL,2023-07-13,Inter Club d'Escaldes,Vikingur Gota,2,1,H
UECL,2023-07-13,Ararat-Armenia,Egnatia Rrogozhinë,1,1,D
UECL,2023-07-13,Žilina,FC Levadia Tallinn,2,1,H
UECL,2023-07-13,Makedonija GjP,Rīgas FS,0,1,A
UECL,2023-07-13,Haka,Crusaders FC,2,2,D
UECL,2023-07-13,Panevėžys,Milsami Orhei,2,2,D
UECL,2023-07-13,Magpies,Dundalk,0,0,D
UECL,2023-07-13,Alashkert,Arsenal Tivat,1,1,D
UECL,2023-07-13,NK Domzale,Balzan FC,1,4,A
UECL,2023-07-13,Torpedo Kutaisi,FK Sarajevo,2,2,D
UECL,2023-07-13,Gzira United,Glentoran,2,2,D
UECL,2023-07-13,Hegelmann Litauen,Shkupi 1927,0,5,A
UECL,2023-07-13,Riga,Vikingur Reykjavik,2,0,H
UECL,2023-07-13,Dukagjini,Europa,2,1,H
UECL,2023-07-13,Progres Niederkorn,Gjilani,2,2,D
UECL,2023-07-13,Penybont,FC Santa Coloma,1,1,D
UECL,2023-07-13,Dunajska Streda,Dila,2,1,H
UECL,2023-07-13,KA Akureyri,GAP Connah S Quay FC,2,0,H
UECL,2023-07-13,Shkendija,Haverfordwest County AFC,1,0,H
UECL,2023-07-13,FC Vaduz,Neman,1,2,A
UECL,2023-07-13,Tirana,Dinamo Batumi,1,1,D
UECL,2023-07-13,HB Torshavn,Derry City,0,0,D
UECL,2023-07-13,Zeljeznicar Sarajevo,Dinamo Minsk,2,2,D
UECL,2023-07-13,Sutjeska,Cosmos,1,0,H
UECL,2023-07-13,Linfield,Vllaznia Shkodër,3,1,H
UECL,2023-07-13,La Fiorita,Zimbru,1,1,D
UECL,2023-07-13,Maribor,Birkirkara,1,1,D
UECL,2023-07-18,Balzan FC,NK Domzale,1,3,A
UECL,2023-07-20,FC Santa Coloma,Penybont,2,0,H
UECL,2023-07-20,Birkirkara,Maribor,1,2,A
UECL,2023-07-20,Europa,Dukagjini,2,3,A
UECL,2023-07-20,Trans Narva,Pyunik Yerevan,0,3,A
UECL,2023-07-20,Paide,B36 Torshavn,0,2,A
UECL,2023-07-20,Rīgas FS,Makedonija GjP,4,1,H
UECL,2023-07-20,Milsami Orhei,Panevėžys,0,1,A
UECL,2023-07-20,Honka,FK Tobol Kostanay,0,0,D
UECL,2023-07-20,FC Levadia Tallinn,Žilina,1,2,A
UECL,2023-07-20,Dinamo Minsk,Zeljeznicar Sarajevo,1,2,A
UECL,2023-07-20,Dinamo Batumi,Tirana,1,2,A
UECL,2023-07-20,Dila,Dunajska Streda,2,0,H
UECL,2023-07-20,Zimbru,La Fiorita,1,0,H
UECL,2023-07-20,GAP Connah S Quay FC,KA Akureyri,0,2,A
UECL,2023-07-20,Neman,FC Vaduz,1,1,D
UECL,2023-07-20,Vikingur Gota,Inter Club d'Escaldes,1,1,D
UECL,2023-07-20,Egnatia Rrogozhinë,Ararat-Armenia,4,4,D
UECL,2023-07-20,Gjilani,Progres Niederkorn,0,2,A
UECL,2023-07-20,Arsenal Tivat,Alashkert,1,6,A
UECL,2023-07-20,Glentoran,Gzira United,1,1,D
UECL,2023-07-20,Vikingur Reykjavik,Riga,1,0,H
UECL,2023-07-20,Dundalk,Magpies,3,1,H
UECL,2023-07-20,Derry City,HB Torshavn,1,0,H
UECL,2023-07-20,Haverfordwest County AFC,Shkendija,1,0,H
UECL,2023-07-20,Vllaznia Shkodër,Linfield,1,0,H
UECL,2023-07-20,St Patrick's Athl.,F91 Dudelange,2,3,A
UECL,2023-07-20,Cosmos,Sutjeska,1,1,D
UECL,2023-07-20,FK Sarajevo,Torpedo Kutaisi,1,1,D
UECL,2023-07-20,Crusaders FC,Haka,1,0,H
UECL,2023-07-20,Shkupi 1927,Hegelmann Litauen,0,0,D
UECL,2023-07-25,Atlètic Club d'Escaldes,Partizani,0,1,A
UECL,2023-07-25,The New Saints,Swift Hesperange,1,1,D
UECL,2023-07-25,Hamrun Spartans,Dinamo Tbilisi,2,1,H
UECL,2023-07-25,Tre Penne,Valmiera / BSS,0,3,A
UECL,2023-07-25,Ballkani,Larne,3,0,H
UECL,2023-07-26,Struga,Buducnost Podgorica,1,0,H
UECL,2023-07-26,Rīgas FS,Sabah FA,0,2,A
UECL,2023-07-26,Midtjylland,Progres Niederkorn,2,0,H
UECL,2023-07-26,CSKA 1948,FCSB,0,1,A
UECL,2023-07-26,Neman,Balzan FC,2,0,H
UECL,2023-07-26,Fenerbahçe,Zimbru,5,0,H
UECL,2023-07-27,Alashkert,Debreceni VSC,0,1,A
UECL,2023-07-27,Ordabasy,Legia Warszawa,2,2,D
UECL,2023-07-27,Inter Club d'Escaldes,Hibernian,2,1,H
UECL,2023-07-27,Ararat-Armenia,Aris Thessalonikis,1,1,D
UECL,2023-07-27,Bodo/Glimt,Bohemians 1905,3,0,H
UECL,2023-07-27,Qabala,Omonia Nicosia,2,3,A
UECL,2023-07-27,Djurgardens IF,FC Luzern,1,2,A
UECL,2023-07-27,Kalmar FF,Pyunik Yerevan,1,2,A
UECL,2023-07-27,Plzen,Drita,0,0,D
UECL,2023-07-27,Ferencvarosi TC,Shamrock Rovers,4,0,H
UECL,2023-07-27,Torpedo Kutaisi,Aktobe,1,4,A
UECL,2023-07-27,CSKA Sofia,Sepsi OSK Sfantu Gheorghe,0,2,A
UECL,2023-07-27,Apoel Nicosia,Vojvodina,2,1,H
UECL,2023-07-27,Gzira United,F91 Dudelange,2,0,H
UECL,2023-07-27,Auda,Spartak Trnava,1,1,D
UECL,2023-07-27,Kecskeméti TE,Riga,2,1,H
UECL,2023-07-27,FC Basel 1893,FK Tobol Kostanay,1,3,A
UECL,2023-07-27,Maccabi Tel Aviv,Petrocub,3,0,H
UECL,2023-07-27,PAOK,Beitar Jerusalem,0,0,D
UECL,2023-07-27,FC Differdange 03,Maribor,1,1,D
UECL,2023-07-27,Vorskla Poltava,Dila,2,1,H
UECL,2023-07-27,CFR 1907 Cluj,Adana Demirspor,1,1,D
UECL,2023-07-27,Farul Constanta,FC Urartu,3,2,H
UECL,2023-07-27,KA Akureyri,Dundalk,3,1,H
UECL,2023-07-27,Torpedo Zhodino,AEK Larnaca,2,3,A
UECL,2023-07-27,Twente,Hammarby FF,1,0,H
UECL,2023-07-27,Beşiktaş,Tirana,3,1,H
UECL,2023-07-27,Hapoel Beer Sheva,Panevėžys,1,0,H
UECL,2023-07-27,Club Brugge KV,Aarhus,3,0,H
UECL,2023-07-27,NK Osijek,Zalaegerszegi TE,1,0,H
UECL,2023-07-27,Gent,Žilina,5,1,H
UECL,2023-07-27,B36 Torshavn,Haverfordwest County AFC,2,1,H
UECL,2023-07-27,Celje,Guimaraes,3,4,A
UECL,2023-07-27,Dukagjini,HNK Rijeka,0,1,A
UECL,2023-07-27,Lech Poznan,Kauno Žalgiris,3,1,H
UECL,2023-07-27,Austria Vienna,Borac Banja Luka,1,0,H
UECL,2023-07-27,Linfield,Pogon Szczecin,2,5,A
UECL,2023-07-27,Derry City,KuPS,2,1,H
UECL,2023-07-27,Zeljeznicar Sarajevo,Neftchi Baku,2,2,D
UECL,2023-07-27,Sutjeska,FC Santa Coloma,2,0,H
UECL,2023-07-27,Crusaders FC,Rosenborg,2,2,D
UECL,2023-07-27,Shkupi 1927,Levski Sofia,0,2,A
UECL,2023-08-01,Valmiera / BSS,Tre Penne,7,0,H
UECL,2023-08-01,Balzan FC,Neman,0,0,D
UECL,2023-08-01,Zimbru,Fenerbahçe,0,4,A
UECL,2023-08-01,Swift Hesperange,The New Saints,3,2,H
UECL,2023-08-01,Partizani,Atlètic Club d'Escaldes,4,1,H
UECL,2023-08-01,Buducnost Podgorica,Struga,3,4,A
UECL,2023-08-02,AEK Larnaca,Torpedo Zhodino,1,1,D
UECL,2023-08-02,F91 Dudelange,Gzira United,2,1,H
UECL,2023-08-03,FK Tobol Kostanay,FC Basel 1893,1,2,A
UECL,2023-08-03,FC Santa Coloma,Sutjeska,3,0,H
UECL,2023-08-03,Pyunik Yerevan,Kalmar FF,2,1,H
UECL,2023-08-03,Spartak Trnava,Auda,4,1,H
UECL,2023-08-03,Pogon Szczecin,Linfield,3,2,H
UECL,2023-08-03,KuPS,Derry City,3,3,D
UECL,2023-08-03,Dinamo Tbilisi,Hamrun Spartans,0,1,A
UECL,2023-08-03,FC Urartu,Farul Constanta,2,3,A
UECL,2023-08-03,Kauno Žalgiris,Lech Poznan,1,2,A
UECL,2023-08-03,Panevėžys,Hapoel Beer Sheva,1,1,D
UECL,2023-08-03,Aktobe,Torpedo Kutaisi,1,2,A
UECL,2023-08-03,Sabah FA,Rīgas FS,2,1,H
UECL,2023-08-03,Zalaegerszegi TE,NK Osijek,1,2,A
UECL,2023-08-03,Rosenborg,Crusaders FC,3,2,H
UECL,2023-08-03,Levski Sofia,Shkupi 1927,1,0,H
UECL,2023-08-03,Neftchi Baku,Zeljeznicar Sarajevo,2,0,H
UECL,2023-08-03,Petrocub,Maccabi Tel Aviv,0,2,A
UECL,2023-08-03,Sepsi OSK Sfantu Gheorghe,CSKA Sofia,4,0,H
UECL,2023-08-03,Omonia Nicosia,Qabala,4,1,H
UECL,2023-08-03,Dila,Vorskla Poltava,3,1,H
UECL,2023-08-03,Riga,Kecskeméti TE,3,1,H
UECL,2023-08-03,Bohemians 1905,Bodo/Glimt,2,4,A
UECL,2023-08-03,Beitar Jerusalem,PAOK,1,4,A
UECL,2023-08-03,Progres Niederkorn,Midtjylland,2,1,H
UECL,2023-08-03,Hammarby FF,Twente,1,1,D
UECL,2023-08-03,Aarhus,Club Brugge KV,1,0,H
UECL,2023-08-03,Tirana,Beşiktaş,0,2,A
UECL,2023-08-03,Vojvodina,Apoel Nicosia,1,2,A
UECL,2023-08-03,Žilina,Gent,2,5,A
UECL,2023-08-03,Adana Demirspor,CFR 1907 Cluj,2,1,H
UECL,2023-08-03,Drita,Plzen,1,2,A
UECL,2023-08-03,Hibernian,Inter Club d'Escaldes,6,1,H
UECL,2023-08-03,HNK Rijeka,Dukagjini,6,1,H
UECL,2023-08-03,Aris Thessalonikis,Ararat-Armenia,1,0,H
UECL,2023-08-03,Maribor,FC Differdange 03,4,3,H
UECL,2023-08-03,FCSB,CSKA 1948,3,2,H
UECL,2023-08-03,Borac Banja Luka,Austria Vienna,1,2,A
UECL,2023-08-03,Larne,Ballkani,1,4,A
UECL,2023-08-03,Dundalk,KA Akureyri,2,2,D
UECL,2023-08-03,FC Luzern,Djurgardens IF,1,1,D
UECL,2023-08-03,Haverfordwest County AFC,B36 Torshavn,1,1,D
UECL,2023-08-03,Legia Warszawa,Ordabasy,3,2,H
UECL,2023-08-03,Shamrock Rovers,Ferencvarosi TC,0,2,A
UECL,2023-08-03,Debreceni VSC,Alashkert,1,2,A
UECL,2023-08-03,Guimaraes,Celje,0,1,A
UECL,2023-08-09,AEK Larnaca,Maccabi Tel Aviv,1,1,D
UECL,2023-08-09,Gent,Pogon Szczecin,5,0,H
UECL,2023-08-10,FK Tobol Kostanay,Derry City,1,0,H
UECL,2023-08-10,Struga,Swift Hesperange,3,1,H
UECL,2023-08-10,Bodo/Glimt,Pyunik Yerevan,3,0,H
UECL,2023-08-10,Sabah FA,FK Partizan,2,0,H
UECL,2023-08-10,Rosenborg,Heart Of Midlothian,2,1,H
UECL,2023-08-10,Legia Warszawa,Austria Vienna,1,2,A
UECL,2023-08-10,Plzen,Gzira United,4,0,H
UECL,2023-08-10,FC Santa Coloma,AZ Alkmaar,0,1,A
UECL,2023-08-10,Neftchi Baku,Beşiktaş,1,3,A
UECL,2023-08-10,Sepsi OSK Sfantu Gheorghe,Aktobe,1,1,D
UECL,2023-08-10,Omonia Nicosia,Midtjylland,1,0,H
UECL,2023-08-10,Dila,Apoel Nicosia,0,2,A
UECL,2023-08-10,Valmiera / BSS,Partizani,1,2,A
UECL,2023-08-10,Hapoel Beer Sheva,Levski Sofia,0,0,D
UECL,2023-08-10,Farul Constanta,Flora Tallinn,3,0,H
UECL,2023-08-10,Hamrun Spartans,Ferencvarosi TC,1,6,A
UECL,2023-08-10,Arouca,Brann,2,1,H
UECL,2023-08-10,Lech Poznan,Spartak Trnava,2,1,H
UECL,2023-08-10,Twente,Riga,2,0,H
UECL,2023-08-10,Club Brugge KV,KA Akureyri,5,1,H
UECL,2023-08-10,Fenerbahçe,Maribor,3,1,H
UECL,2023-08-10,B36 Torshavn,HNK Rijeka,1,3,A
UECL,2023-08-10,Adana Demirspor,NK Osijek,5,1,H
UECL,2023-08-10,Celje,Neman,1,0,H
UECL,2023-08-10,Aris Thessalonikis,Dynamo Kyiv,1,0,H
UECL,2023-08-10,Hibernian,FC Luzern,3,1,H
UECL,2023-08-10,FCSB,FC Nordsjaelland,0,0,D
UECL,2023-08-10,Ballkani,Lincoln Red Imps FC,2,0,H
UECL,2023-08-10,HNK Hajduk Split,PAOK,0,0,D
UECL,2023-08-10,Rapid Vienna,Debreceni VSC,0,0,D
UECL,2023-08-16,Flora Tallinn,Farul Constanta,0,2,A
UECL,2023-08-17,Pogon Szczecin,Gent,2,1,H
UECL,2023-08-17,Lincoln Red Imps FC,Ballkani,1,3,A
UECL,2023-08-17,Pyunik Yerevan,Bodo/Glimt,0,3,A
UECL,2023-08-17,Aktobe,Sepsi OSK Sfantu Gheorghe,0,1,A
UECL,2023-08-17,Brann,Arouca,3,1,H
UECL,2023-08-17,FC Nordsjaelland,FCSB,2,0,H
UECL,2023-08-17,Dynamo Kyiv,Aris Thessalonikis,2,1,H
UECL,2023-08-17,Austria Vienna,Legia Warszawa,3,5,A
UECL,2023-08-17,Maccabi Tel Aviv,AEK Larnaca,1,0,H
UECL,2023-08-17,Levski Sofia,Hapoel Beer Sheva,2,1,H
UECL,2023-08-17,Ferencvarosi TC,Hamrun Spartans,2,1,H
UECL,2023-08-17,Apoel Nicosia,Dila,1,0,H
UECL,2023-08-17,Gzira United,Plzen,0,2,A
UECL,2023-08-17,Riga,Twente,0,3,A
UECL,2023-08-17,PAOK,HNK Hajduk Split,3,0,H
UECL,2023-08-17,Midtjylland,Omonia Nicosia,5,1,H
UECL,2023-08-17,KA Akureyri,Club Brugge KV,1,5,A
UECL,2023-08-17,Neman,Celje,1,4,A
UECL,2023-08-17,Beşiktaş,Neftchi Baku,2,1,H
UECL,2023-08-17,NK Osijek,Adana Demirspor,3,2,H
UECL,2023-08-17,Partizani,Valmiera / BSS,1,0,H
UECL,2023-08-17,Spartak Trnava,Lech Poznan,3,1,H
UECL,2023-08-17,Swift Hesperange,Struga,2,1,H
UECL,2023-08-17,Maribor,Fenerbahçe,0,3,A
UECL,2023-08-17,HNK Rijeka,B36 Torshavn,2,0,H
UECL,2023-08-17,AZ Alkmaar,FC Santa Coloma,2,0,H
UECL,2023-08-17,Heart Of Midlothian,Rosenborg,3,1,H
UECL,2023-08-17,FC Luzern,Hibernian,2,2,D
UECL,2023-08-17,Derry City,FK Tobol Kostanay,1,0,H
UECL,2023-08-17,FK Partizan,Sabah FA,2,0,H
UECL,2023-08-17,Debreceni VSC,Rapid Vienna,0,5,A
UECL,2023-08-23,Spartak Trnava,Dnipro-1,1,1,D
UECL,2023-08-23,Hibernian,Aston Villa,0,5,A
UECL,2023-08-24,FC Astana,Partizani,1,0,H
UECL,2023-08-24,FK Tobol Kostanay,Plzen,1,2,A
UECL,2023-08-24,Struga,Breidablik,0,1,A
UECL,2023-08-24,FK Zalgiris Vilnius,Ferencvarosi TC,0,4,A
UECL,2023-08-24,FC Nordsjaelland,FK Partizan,5,0,H
UECL,2023-08-24,Dynamo Kyiv,Beşiktaş,2,3,A
UECL,2023-08-24,Maccabi Tel Aviv,Celje,4,1,H
UECL,2023-08-24,Fenerbahçe,Twente,5,1,H
UECL,2023-08-24,Levski Sofia,Eintracht Frankfurt,1,1,D
UECL,2023-08-24,Rapid Vienna,Fiorentina,1,0,H
UECL,2023-08-24,Sepsi OSK Sfantu Gheorghe,Bodo/Glimt,2,2,D
UECL,2023-08-24,Farul Constanta,HJK Helsinki,2,1,H
UECL,2023-08-24,Lille,HNK Rijeka,2,1,H
UECL,2023-08-24,FC Midtjylland,Legia Warszawa,3,3,D
UECL,2023-08-24,Gent,Apoel Nicosia,2,0,H
UECL,2023-08-24,Genk,Adana Demirspor,2,1,H
UECL,2023-08-24,Osasuna,Club Brugge KV,1,2,A
UECL,2023-08-24,AZ Alkmaar,Brann,1,1,D
UECL,2023-08-24,Heart Of Midlothian,PAOK,1,2,A
UECL,2023-08-24,Ballkani,Bate Borisov,4,1,H
UECL,2023-08-31,Bodo/Glimt,Sepsi OSK Sfantu Gheorghe,3,2,H
UECL,2023-08-31,HJK Helsinki,Farul Constanta,2,0,H
UECL,2023-08-31,Breidablik,Struga,1,0,H
UECL,2023-08-31,Brann,AZ Alkmaar,3,3,D
UECL,2023-08-31,Twente,Fenerbahçe,0,1,A
UECL,2023-08-31,Plzen,FK Tobol Kostanay,3,0,H
UECL,2023-08-31,Apoel Nicosia,Gent,1,2,A
UECL,2023-08-31,PAOK,Heart Of Midlothian,4,0,H
UECL,2023-08-31,Bate Borisov,Ballkani,1,0,H
UECL,2023-08-31,Fiorentina,Rapid Vienna,2,0,H
UECL,2023-08-31,Beşiktaş,Dynamo Kyiv,1,0,H
UECL,2023-08-31,Ferencvarosi TC,FK Zalgiris Vilnius,3,0,H
UECL,2023-08-31,Partizani,FC Astana,1,1,D
UECL,2023-08-31,Adana Demirspor,Genk,1,0,H
UECL,2023-08-31,Dnipro-1,Spartak Trnava,1,2,A
UECL,2023-08-31,Celje,Maccabi Tel Aviv,1,1,D
UECL,2023-08-31,HNK Rijeka,Lille,1,1,D
UECL,2023-08-31,Eintracht Frankfurt,Levski Sofia,2,0,H
UECL,2023-08-31,Club Brugge KV,Osasuna,2,2,D
UECL,2023-08-31,Aston Villa,Hibernian,3,0,H
UECL,2023-08-31,Legia Warszawa,FC Midtjylland,1,1,D
UECL,2023-08-31,FK Partizan,FC Nordsjaelland,0,1,A
UECL,2023-09-20,Lille,Olimpija Ljubljana,2,0,H
UECL,2023-09-21,Eintracht Frankfurt,Aberdeen,2,1,H
UECL,2023-09-21,Legia Warszawa,Aston Villa,3,2,H
UECL,2023-09-21,Ludogorets,Spartak Trnava,4,0,H
UECL,2023-09-21,Zrinjski,AZ Alkmaar,4,3,H
UECL,2023-09-21,Fenerbahçe,FC Nordsjaelland,3,1,H
UECL,2023-09-21,HJK Helsinki,PAOK,2,3,A
UECL,2023-09-21,Ferencvarosi TC,Cukaricki,3,1,H
UECL,2023-09-21,Genk,Fiorentina,2,2,D
UECL,2023-09-21,Plzen,Ballkani,1,0,H
UECL,2023-09-21,Club Brugge KV,Beşiktaş,1,1,D
UECL,2023-09-21,Zorya Luhansk,Gent,1,1,D
UECL,2023-09-21,Maccabi Tel Aviv,Breidablik,3,2,H
UECL,2023-09-21,FC Lugano,Bodo/Glimt,0,0,D
UECL,2023-09-21,Dinamo Zagreb,FC Astana,5,1,H
UECL,2023-09-21,Slovan Bratislava,KI Klaksvik,2,1,H
UECL,2023-10-05,FC Astana,Plzen,1,2,A
UECL,2023-10-05,Breidablik,Zorya Luhansk,0,1,A
UECL,2023-10-05,Bodo/Glimt,Club Brugge KV,0,1,A
UECL,2023-10-05,Beşiktaş,FC Lugano,2,3,A
UECL,2023-10-05,Gent,Maccabi Tel Aviv,2,0,H
UECL,2023-10-05,Olimpija Ljubljana,Slovan Bratislava,0,1,A
UECL,2023-10-05,KI Klaksvik,Lille,0,0,D
UECL,2023-10-05,Ballkani,Dinamo Zagreb,2,0,H
UECL,2023-10-05,Aston Villa,Zrinjski,1,0,H
UECL,2023-10-05,AZ Alkmaar,Legia Warszawa,1,0,H
UECL,2023-10-05,Aberdeen,HJK Helsinki,1,1,D
UECL,2023-10-05,FC Nordsjaelland,Ludogorets,7,1,H
UECL,2023-10-05,Fiorentina,Ferencvarosi TC,2,2,D
UECL,2023-10-05,PAOK,Eintracht Frankfurt,2,1,H
UECL,2023-10-05,Spartak Trnava,Fenerbahçe,1,2,A
UECL,2023-10-05,Cukaricki,Genk,0,2,A
UECL,2023-10-26,Lille,Slovan Bratislava,2,1,H
UECL,2023-10-26,AZ Alkmaar,Aston Villa,1,4,A
UECL,2023-10-26,FC Lugano,Club Brugge KV,1,3,A
UECL,2023-10-26,Fenerbahçe,Ludogorets,3,1,H
UECL,2023-10-26,Gent,Breidablik,5,0,H
UECL,2023-10-26,KI Klaksvik,Olimpija Ljubljana,3,0,H
UECL,2023-10-26,Ballkani,FC Astana,1,2,A
UECL,2023-10-26,Eintracht Frankfurt,HJK Helsinki,6,0,H
UECL,2023-10-26,Aberdeen,PAOK,2,3,A
UECL,2023-10-26,Bodo/Glimt,Beşiktaş,3,1,H
UECL,2023-10-26,Fiorentina,Cukaricki,6,0,H
UECL,2023-10-26,Zrinjski,Legia Warszawa,1,2,A
UECL,2023-10-26,Dinamo Zagreb,Plzen,0,1,A
UECL,2023-10-26,Genk,Ferencvarosi TC,0,0,D
UECL,2023-10-26,Spartak Trnava,FC Nordsjaelland,0,2,A
UECL,2023-11-09,FC Astana,Ballkani,0,0,D
UECL,2023-11-09,Legia Warszawa,Zrinjski,2,0,H
UECL,2023-11-09,FC Nordsjaelland,Spartak Trnava,1,1,D
UECL,2023-11-09,Beşiktaş,Bodo/Glimt,1,2,A
UECL,2023-11-09,Plzen,Dinamo Zagreb,1,0,H
UECL,2023-11-09,PAOK,Aberdeen,2,2,D
UECL,2023-11-09,HJK Helsinki,Eintracht Frankfurt,0,1,A
UECL,2023-11-09,Ferencvarosi TC,Genk,1,1,D
UECL,2023-11-09,Cukaricki,Fiorentina,0,1,A
UECL,2023-11-09,Aston Villa,AZ Alkmaar,2,1,H
UECL,2023-11-09,Breidablik,Gent,2,3,A
UECL,2023-11-09,Ludogorets,Fenerbahçe,2,0,H
UECL,2023-11-09,Club Brugge KV,FC Lugano,2,0,H
UECL,2023-11-09,Zorya Luhansk,Maccabi Tel Aviv,1,3,A
UECL,2023-11-09,Slovan Bratislava,Lille,1,1,D
UECL,2023-11-09,Olimpija Ljubljana,KI Klaksvik,2,0,H
UECL,2023-11-25,Maccabi Tel Aviv,Zorya Luhansk,3,2,H
UECL,2023-11-30,Breidablik,Maccabi Tel Aviv,1,2,A
UECL,2023-11-30,FC Astana,Dinamo Zagreb,0,2,A
UECL,2023-11-30,AZ Alkmaar,Zrinjski,1,0,H
UECL,2023-11-30,Bodo/Glimt,FC Lugano,5,2,H
UECL,2023-11-30,Beşiktaş,Club Brugge KV,0,5,A
UECL,2023-11-30,Gent,Zorya Luhansk,4,1,H
UECL,2023-11-30,HJK Helsinki,Aberdeen,2,2,D
UECL,2023-11-30,Olimpija Ljubljana,Lille,0,2,A
UECL,2023-11-30,KI Klaksvik,Slovan Bratislava,1,2,A
UECL,2023-11-30,Ballkani,Plzen,0,1,A
UECL,2023-11-30,Aston Villa,Legia Warszawa,2,1,H
UECL,2023-11-30,Eintracht Frankfurt,PAOK,1,2,A
UECL,2023-11-30,FC Nordsjaelland,Fenerbahçe,6,1,H
UECL,2023-11-30,Fiorentina,Genk,2,1,H
UECL,2023-11-30,Spartak Trnava,Ludogorets,1,2,A
UECL,2023-11-30,Cukaricki,Ferencvarosi TC,1,2,A
UECL,2023-12-14,Aberdeen,Eintracht Frankfurt,2,0,H
UECL,2023-12-14,Legia Warszawa,AZ Alkmaar,2,0,H
UECL,2023-12-14,Ludogorets,FC Nordsjaelland,1,0,H
UECL,2023-12-14,Zrinjski,Aston Villa,1,1,D
UECL,2023-12-14,Fenerbahçe,Spartak Trnava,4,0,H
UECL,2023-12-14,PAOK,HJK Helsinki,4,2,H
UECL,2023-12-14,Ferencvarosi TC,Fiorentina,1,1,D
UECL,2023-12-14,Genk,Cukaricki,2,0,H
UECL,2023-12-14,Lille,KI Klaksvik,3,0,H
UECL,2023-12-14,Plzen,FC Astana,3,0,H
UECL,2023-12-14,Club Brugge KV,Bodo/Glimt,3,1,H
UECL,2023-12-14,Zorya Luhansk,Breidablik,4,0,H
UECL,2023-12-14,Maccabi Tel Aviv,Gent,3,1,H
UECL,2023-12-14,FC Lugano,Beşiktaş,0,2,A
UECL,2023-12-14,Dinamo Zagreb,Ballkani,3,0,H
UECL,2023-12-14,Slovan Bratislava,Olimpija Ljubljana,1,2,A
UECL,2024-02-15,Molde,Legia Warszawa,3,2,H
UECL,2024-02-15,Olympiakos Piraeus,Ferencvarosi TC,1,0,H
UECL,2024-02-15,Sturm Graz,Slovan Bratislava,4,1,H
UECL,2024-02-15,Union St. Gilloise,Eintracht Frankfurt,2,2,D
UECL,2024-02-15,Ajax,Bodo/Glimt,2,2,D
UECL,2024-02-15,Real Betis,Dinamo Zagreb,0,1,A
UECL,2024-02-15,Servette FC,Ludogorets,0,0,D
UECL,2024-02-15,Maccabi Haifa,Gent,1,0,H
UECL,2024-02-21,Gent,Maccabi Haifa,1,1,D
UECL,2024-02-22,Bodo/Glimt,Ajax,1,2,A
UECL,2024-02-22,Ludogorets,Servette FC,0,1,A
UECL,2024-02-22,Dinamo Zagreb,Real Betis,1,1,D
UECL,2024-02-22,Eintracht Frankfurt,Union St. Gilloise,1,2,A
UECL,2024-02-22,Legia Warszawa,Molde,0,3,A
UECL,2024-02-22,Ferencvarosi TC,Olympiakos Piraeus,0,1,A
UECL,2024-02-22,Slovan Bratislava,Sturm Graz,0,1,A
UECL,2024-03-07,Ajax,Aston Villa,0,0,D
UECL,2024-03-07,Molde,Club Brugge KV,2,1,H
UECL,2024-03-07,Olympiakos Piraeus,Maccabi Tel Aviv,1,4,A
UECL,2024-03-07,Sturm Graz,Lille,0,3,A
UECL,2024-03-07,Dinamo Zagreb,PAOK,2,0,H
UECL,2024-03-07,Union St. Gilloise,Fenerbahçe,0,3,A
UECL,2024-03-07,Servette FC,Plzen,0,0,D
UECL,2024-03-07,Maccabi Haifa,Fiorentina,3,4,A
UECL,2024-03-14,Fiorentina,Maccabi Haifa,1,1,D
UECL,2024-03-14,Plzen,Servette FC,0,0,D
UECL,2024-03-14,Fenerbahçe,Union St. Gilloise,0,1,A
UECL,2024-03-14,PAOK,Dinamo Zagreb,5,1,H
UECL,2024-03-14,Aston Villa,Ajax,4,0,H
UECL,2024-03-14,Lille,Sturm Graz,1,1,D
UECL,2024-03-14,Club Brugge KV,Molde,3,0,H
UECL,2024-03-14,Maccabi Tel Aviv,Olympiakos Piraeus,1,6,A
UECL,2024-04-11,Olympiakos Piraeus,Fenerbahçe,3,2,H
UECL,2024-04-11,Plzen,Fiorentina,0,0,D
UECL,2024-04-11,Aston Villa,Lille,2,1,H
UECL,2024-04-11,Club Brugge KV,PAOK,1,0,H
UECL,2024-04-18,Lille,Aston Villa,2,1,H
UECL,2024-04-18,Fiorentina,Plzen,2,0,H
UECL,2024-04-18,Fenerbahçe,Olympiakos Piraeus,1,0,H
UECL,2024-04-18,PAOK,Club Brugge KV,0,2,A
UECL,2024-05-02,Aston Villa,Olympiakos Piraeus,2,4,A
UECL,2024-05-02,Fiorentina,Club Brugge KV,3,2,H
UECL,2024-05-08,Club Brugge KV,Fiorentina,1,1,D
UECL,2024-05-09,Olympiakos Piraeus,Aston Villa,2,0,H
UECL,2024-05-29,Olympiakos Piraeus,Fiorentina,1,0,H
UECL,2024-07-10,Velež,Inter Club d'Escaldes,1,1,D
UECL,2024-07-10,Auda,B36 Torshavn,2,0,H
UECL,2024-07-11,FK Liepaja,Vikingur Gota,1,1,D
UECL,2024-07-11,Šiauliai,FC Levadia Tallinn,0,2,A
UECL,2024-07-11,Aktobe,FK Sarajevo,0,1,A
UECL,2024-07-11,Malisheva,Buducnost Podgorica,1,0,H
UECL,2024-07-11,FC Noah,Shkendija,2,0,H
UECL,2024-07-11,Bravo,GAP Connah S Quay FC,0,1,A
UECL,2024-07-11,Magpies,Derry City,2,0,H
UECL,2024-07-11,Atlètic Club d'Escaldes,F91 Dudelange,0,1,A
UECL,2024-07-11,Tallinna Kalev,FC Urartu,1,2,A
UECL,2024-07-11,Torpedo Zhodino,Milsami Orhei,2,4,A
UECL,2024-07-11,VPS,FK Zalgiris Vilnius,1,2,A
UECL,2024-07-11,Torpedo Kutaisi,Tirana,1,1,D
UECL,2024-07-11,UNA Strassen,KuPS,0,0,D
UECL,2024-07-11,Floriana,Tre Penne,3,1,H
UECL,2024-07-11,Caernarfon Town,Crusaders FC,2,0,H
UECL,2024-07-11,Bala Town,Paide,1,2,A
UECL,2024-07-11,Partizani,Marsaxlokk,1,1,D
UECL,2024-07-11,Tikveš,Breidablik,3,2,H
UECL,2024-07-11,La Fiorita,FC Isloch Minsk R.,0,1,A
UECL,2024-07-11,Mornar,Dinamo Tbilisi,2,1,H
UECL,2024-07-11,Shelbourne,St Joseph S Fc,2,1,H
UECL,2024-07-11,Valur Reykjavik,Vllaznia Shkodër,2,2,D
UECL,2024-07-11,Stjarnan,Linfield,2,0,H
UECL,2024-07-17,B36 Torshavn,Auda,0,1,A
UECL,2024-07-17,Crusaders FC,Caernarfon Town,3,1,H
UECL,2024-07-18,KuPS,UNA Strassen,5,0,H
UECL,2024-07-18,FC Urartu,Tallinna Kalev,2,0,H
UECL,2024-07-18,FK Zalgiris Vilnius,VPS,1,0,H
UECL,2024-07-18,Milsami Orhei,Torpedo Zhodino,0,0,D
UECL,2024-07-18,St Joseph S Fc,Shelbourne,1,1,D
UECL,2024-07-18,FC Levadia Tallinn,Šiauliai,0,0,D
UECL,2024-07-18,Inter Club d'Escaldes,Velež,5,1,H
UECL,2024-07-18,Paide,Bala Town,1,1,D
UECL,2024-07-18,F91 Dudelange,Atlètic Club d'Escaldes,2,0,H
UECL,2024-07-18,Dinamo Tbilisi,Mornar,1,1,D
UECL,2024-07-18,Marsaxlokk,Partizani,1,2,A
UECL,2024-07-18,GAP Connah S Quay FC,Bravo,0,2,A
UECL,2024-07-18,FC Isloch Minsk R.,La Fiorita,0,1,A
UECL,2024-07-18,Vikingur Gota,FK Liepaja,2,0,H
UECL,2024-07-18,Shkendija,FC Noah,1,2,A
UECL,2024-07-18,Tirana,Torpedo Kutaisi,0,1,A
UECL,2024-07-18,Vllaznia Shkodër,Valur Reykjavik,0,4,A
UECL,2024-07-18,Linfield,Stjarnan,3,2,H
UECL,2024-07-18,Derry City,Magpies,2,1,H
UECL,2024-07-18,Tre Penne,Floriana,1,1,D
UECL,2024-07-18,Buducnost Podgorica,Malisheva,3,0,H
UECL,2024-07-18,FK Sarajevo,Aktobe,2,3,A
UECL,2024-07-18,Breidablik,Tikveš,3,1,H
UECL,2024-07-23,Ballkani,Hamrun Spartans,0,0,D
UECL,2024-07-23,FC Differdange 03,Ordabasy,1,0,H
UECL,2024-07-23,Virtus,Flora Tallinn,0,0,D
UECL,2024-07-24,Struga,Pyunik Yerevan,2,1,H
UECL,2024-07-24,Riga,Slask Wroclaw,1,0,H
UECL,2024-07-24,Dinamo Batumi,Dečić,0,2,A
UECL,2024-07-24,AEK Athens FC,Inter Club d'Escaldes,4,3,H
UECL,2024-07-24,Cliftonville FC,Auda,1,2,A
UECL,2024-07-25,KuPS,Tromso,0,1,A
UECL,2024-07-25,FK Zalgiris Vilnius,Pafos,2,1,H
UECL,2024-07-25,Mlada Boleslav,TransINVEST Vilnius,2,0,H
UECL,2024-07-25,Milsami Orhei,FC Astana,1,1,D
UECL,2024-07-25,Ilves,Austria Vienna,2,1,H
UECL,2024-07-25,Saburtalo,Partizani,2,0,H
UECL,2024-07-25,FC Noah,Sliema Wanderers,7,0,H
UECL,2024-07-25,Sumqayıt,Fehérvár FC,1,2,A
UECL,2024-07-25,Magpies,FC Copenhagen,0,3,A
UECL,2024-07-25,GO Ahead Eagles,Brann,0,0,D
UECL,2024-07-25,Zira,Dunajska Streda,4,0,H
UECL,2024-07-25,Omonia Nicosia,Torpedo Kutaisi,3,1,H
UECL,2024-07-25,Zimbru,Ararat-Armenia,0,3,A
UECL,2024-07-25,Djurgardens IF,Progres Niederkorn,3,0,H
UECL,2024-07-25,Brondby,Llapi,6,0,H
UECL,2024-07-25,Hapoel Beer Sheva,Cherno More Varna,0,0,D
UECL,2024-07-25,F91 Dudelange,BK Hacken,2,6,A
UECL,2024-07-25,Olimpija Ljubljana,Polessya,2,0,H
UECL,2024-07-25,FC Zurich,Shelbourne,3,0,H
UECL,2024-07-25,Dnipro-1,Puskas Academy,0,3,A
UECL,2024-07-25,Baník Ostrava,FC Urartu,5,1,H
UECL,2024-07-25,Floriana,Guimaraes,0,1,A
UECL,2024-07-25,Maccabi Haifa,Sabah FA,0,3,A
UECL,2024-07-25,CSKA 1948,Buducnost Podgorica,1,0,H
UECL,2024-07-25,CFR 1907 Cluj,Neman,0,0,D
UECL,2024-07-25,Başakşehir,La Fiorita,6,1,H
UECL,2024-07-25,NK Osijek,FC Levadia Tallinn,5,1,H
UECL,2024-07-25,Gent,Vikingur Gota,4,1,H
UECL,2024-07-25,FC ST. Gallen,FK Tobol Kostanay,4,1,H
UECL,2024-07-25,Paks,AEK Larnaca,3,0,H
UECL,2024-07-25,Radnicki 1923,Mornar,1,0,H
UECL,2024-07-25,Maribor,Universitatea Craiova,2,0,H
UECL,2024-07-25,Valur Reykjavik,ST Mirren,0,0,D
UECL,2024-07-25,Vikingur Reykjavik,Egnatia Rrogozhinë,0,1,A
UECL,2024-07-25,Legia Warszawa,Caernarfon Town,6,0,H
UECL,2024-07-25,St Patrick's Athl.,FC Vaduz,3,1,H
UECL,2024-07-25,Stjarnan,Paide,2,1,H
UECL,2024-07-25,Zrinjski,Bravo,0,1,A
UECL,2024-07-25,HNK Hajduk Split,HB Torshavn,2,0,H
UECL,2024-07-25,FK Sarajevo,Spartak Trnava,0,0,D
UECL,2024-07-25,Breidablik,Drita,1,2,A
UECL,2024-07-30,Drita,Breidablik,1,0,H
UECL,2024-07-30,Flora Tallinn,Virtus,5,2,H
UECL,2024-07-30,Pyunik Yerevan,Struga,3,1,H
UECL,2024-07-30,Hamrun Spartans,Ballkani,0,2,A
UECL,2024-07-30,Dečić,Dinamo Batumi,0,0,D
UECL,2024-07-31,Auda,Cliftonville FC,2,0,H
UECL,2024-07-31,BK Hacken,F91 Dudelange,6,1,H
UECL,2024-07-31,Fehérvár FC,Sumqayıt,0,0,D
UECL,2024-07-31,Austria Vienna,Ilves,4,3,H
UECL,2024-07-31,Spartak Trnava,FK Sarajevo,3,0,H
UECL,2024-07-31,Mornar,Radnicki 1923,2,1,H
UECL,2024-08-01,FC Astana,Milsami Orhei,1,0,H
UECL,2024-08-01,Ordabasy,FC Differdange 03,4,3,H
UECL,2024-08-01,FC Urartu,Baník Ostrava,0,2,A
UECL,2024-08-01,Ararat-Armenia,Zimbru,3,1,H
UECL,2024-08-01,Bravo,Zrinjski,1,3,A
UECL,2024-08-01,Llapi,Brondby,2,2,D
UECL,2024-08-01,AEK Larnaca,Paks,0,2,A
UECL,2024-08-01,FK Tobol Kostanay,FC ST. Gallen,0,1,A
UECL,2024-08-01,FC Levadia Tallinn,NK Osijek,0,1,A
UECL,2024-08-01,Pafos,FK Zalgiris Vilnius,3,0,H
UECL,2024-08-01,Polessya,Olimpija Ljubljana,1,2,A
UECL,2024-08-01,Sabah FA,Maccabi Haifa,3,6,A
UECL,2024-08-01,TransINVEST Vilnius,Mlada Boleslav,0,1,A
UECL,2024-08-01,Inter Club d'Escaldes,AEK Athens FC,0,4,A
UECL,2024-08-01,Paide,Stjarnan,4,0,H
UECL,2024-08-01,Brann,GO Ahead Eagles,2,1,H
UECL,2024-08-01,Tromso,KuPS,1,0,H
UECL,2024-08-01,Caernarfon Town,Legia Warszawa,0,5,A
UECL,2024-08-01,FC Copenhagen,Magpies,5,1,H
UECL,2024-08-01,Universitatea Craiova,Maribor,3,2,H
UECL,2024-08-01,Progres Niederkorn,Djurgardens IF,1,0,H
UECL,2024-08-01,Torpedo Kutaisi,Omonia Nicosia,1,2,A
UECL,2024-08-01,Sliema Wanderers,FC Noah,0,0,D
UECL,2024-08-01,FC Vaduz,St Patrick's Athl.,2,2,D
UECL,2024-08-01,Cherno More Varna,Hapoel Beer Sheva,1,2,A
UECL,2024-08-01,Neman,CFR 1907 Cluj,0,5,A
UECL,2024-08-01,Vikingur Gota,Gent,0,3,A
UECL,2024-08-01,Partizani,Saburtalo,0,0,D
UECL,2024-08-01,Egnatia Rrogozhinë,Vikingur Reykjavik,0,2,A
UECL,2024-08-01,Slask Wroclaw,Riga,3,1,H
UECL,2024-08-01,Dunajska Streda,Zira,1,2,A
UECL,2024-08-01,ST Mirren,Valur Reykjavik,4,1,H
UECL,2024-08-01,La Fiorita,Başakşehir,0,4,A
UECL,2024-08-01,Shelbourne,FC Zurich,0,0,D
UECL,2024-08-01,Buducnost Podgorica,CSKA 1948,1,1,D
UECL,2024-08-01,Puskas Academy,Dnipro-1,3,0,H
UECL,2024-08-01,HB Torshavn,HNK Hajduk Split,0,0,D
UECL,2024-08-01,Guimaraes,Floriana,4,0,H
UECL,2024-08-06,FC Noah,AEK Athens FC,3,1,H
UECL,2024-08-07,BK Hacken,Paide,6,1,H
UECL,2024-08-07,FC Copenhagen,Baník Ostrava,1,0,H
UECL,2024-08-07,Paks,Mornar,3,0,H
UECL,2024-08-07,FC ST. Gallen,Slask Wroclaw,2,0,H
UECL,2024-08-08,Ordabasy,Pyunik Yerevan,0,1,A
UECL,2024-08-08,Ararat-Armenia,Puskas Academy,0,1,A
UECL,2024-08-08,Auda,Drita,1,0,H
UECL,2024-08-08,Mlada Boleslav,Hapoel Beer Sheva,1,1,D
UECL,2024-08-08,HJK Helsinki,Dečić,1,0,H
UECL,2024-08-08,Ilves,Djurgardens IF,1,1,D
UECL,2024-08-08,Saburtalo,Başakşehir,0,1,A
UECL,2024-08-08,Silkeborg,Gent,2,2,D
UECL,2024-08-08,Ružomberok,HNK Hajduk Split,0,0,D
UECL,2024-08-08,Brondby,Legia Warszawa,2,3,A
UECL,2024-08-08,Olimpija Ljubljana,Sheriff Tiraspol,3,0,H
UECL,2024-08-08,FC Zurich,Guimaraes,0,3,A
UECL,2024-08-08,Omonia Nicosia,Fehérvár FC,1,0,H
UECL,2024-08-08,CSKA 1948,Pafos,2,1,H
UECL,2024-08-08,Kilmarnock,Tromso,2,2,D
UECL,2024-08-08,NK Osijek,Zira,1,1,D
UECL,2024-08-08,Botev Plovdiv,Zrinjski,2,1,H
UECL,2024-08-08,Maccabi Petah Tikva,CFR 1907 Cluj,0,1,A
UECL,2024-08-08,Ballkani,Larne,0,1,A
UECL,2024-08-08,Corvinul Hunedoara,FC Astana,1,2,A
UECL,2024-08-08,Vikingur Reykjavik,Flora Tallinn,1,1,D
UECL,2024-08-08,Maribor,Vojvodina,2,1,H
UECL,2024-08-08,Spartak Trnava,Wisla Krakow,3,1,H
UECL,2024-08-08,ST Mirren,Brann,1,1,D
UECL,2024-08-08,St Patrick's Athl.,Sabah FA,1,0,H
UECL,2024-08-13,Paide,BK Hacken,1,1,D
UECL,2024-08-13,Mornar,Paks,2,2,D
UECL,2024-08-14,FC Astana,Corvinul Hunedoara,6,1,H
UECL,2024-08-14,Fehérvár FC,Omonia Nicosia,0,2,A
UECL,2024-08-15,Legia Warszawa,Brondby,1,1,D
UECL,2024-08-15,Flora Tallinn,Vikingur Reykjavik,1,2,A
UECL,2024-08-15,Pyunik Yerevan,Ordabasy,1,0,H
UECL,2024-08-15,Sabah FA,St Patrick's Athl.,0,1,A
UECL,2024-08-15,Zira,NK Osijek,2,2,D
UECL,2024-08-15,Brann,ST Mirren,3,1,H
UECL,2024-08-15,Tromso,Kilmarnock,0,1,A
UECL,2024-08-15,Djurgardens IF,Ilves,3,1,H
UECL,2024-08-15,Hapoel Beer Sheva,Mlada Boleslav,2,4,A
UECL,2024-08-15,Sheriff Tiraspol,Olimpija Ljubljana,0,1,A
UECL,2024-08-15,CFR 1907 Cluj,Maccabi Petah Tikva,1,0,H
UECL,2024-08-15,Pafos,CSKA 1948,4,0,H
UECL,2024-08-15,Baník Ostrava,FC Copenhagen,1,0,H
UECL,2024-08-15,AEK Athens FC,FC Noah,1,0,H
UECL,2024-08-15,Başakşehir,Saburtalo,2,0,H
UECL,2024-08-15,Zrinjski,Botev Plovdiv,2,0,H
UECL,2024-08-15,Vojvodina,Maribor,1,0,H
UECL,2024-08-15,Drita,Auda,3,1,H
UECL,2024-08-15,Slask Wroclaw,FC ST. Gallen,3,2,H
UECL,2024-08-15,Wisla Krakow,Spartak Trnava,3,1,H
UECL,2024-08-15,Gent,Silkeborg,3,2,H
UECL,2024-08-15,HNK Hajduk Split,Ružomberok,0,1,A
UECL,2024-08-15,Puskas Academy,Ararat-Armenia,3,3,D
UECL,2024-08-15,Dečić,HJK Helsinki,2,1,H
UECL,2024-08-15,Larne,Ballkani,0,1,A
UECL,2024-08-15,Guimaraes,FC Zurich,2,0,H
UECL,2024-08-20,FC Noah,Ružomberok,3,0,H
UECL,2024-08-21,Guimaraes,Zrinjski,3,0,H
UECL,2024-08-22,Legia Warszawa,Drita,2,0,H
UECL,2024-08-22,Mlada Boleslav,Paks,2,2,D
UECL,2024-08-22,Pyunik Yerevan,Celje,1,0,H
UECL,2024-08-22,Panevėžys,The New Saints,0,3,A
UECL,2024-08-22,Brann,FC Astana,2,0,H
UECL,2024-08-22,Djurgardens IF,Maribor,1,0,H
UECL,2024-08-22,BK Hacken,1. FC Heidenheim,1,2,A
UECL,2024-08-22,FC Copenhagen,Kilmarnock,2,0,H
UECL,2024-08-22,Omonia Nicosia,Zira,6,0,H
UECL,2024-08-22,CFR 1907 Cluj,Pafos,1,0,H
UECL,2024-08-22,Vikingur Reykjavik,UE Santa Coloma,5,0,H
UECL,2024-08-22,Fiorentina,Puskas Academy,3,3,D
UECL,2024-08-22,HNK Rijeka,Olimpija Ljubljana,1,1,D
UECL,2024-08-22,Kryvbas KR,Real Betis,0,2,A
UECL,2024-08-22,FK Partizan,Gent,0,1,A
UECL,2024-08-22,Wisla Krakow,Cercle Brugge,1,6,A
UECL,2024-08-22,KI Klaksvik,HJK Helsinki,2,2,D
UECL,2024-08-22,St Patrick's Athl.,Başakşehir,0,0,D
UECL,2024-08-22,Chelsea,Servette FC,2,0,H
UECL,2024-08-22,Lens,Panathinaikos,2,1,H
UECL,2024-08-22,Lincoln Red Imps FC,Larne,2,1,H
UECL,2024-08-22,FC ST. Gallen,Trabzonspor,0,0,D
UECL,2024-08-28,Başakşehir,St Patrick's Athl.,2,0,H
UECL,2024-08-28,Gent,FK Partizan,1,0,H
UECL,2024-08-29,FC Astana,Brann,3,0,H
UECL,2024-08-29,Zira,Omonia Nicosia,1,0,H
UECL,2024-08-29,HJK Helsinki,KI Klaksvik,2,1,H
UECL,2024-08-29,Ružomberok,FC Noah,3,1,H
UECL,2024-08-29,Olimpija Ljubljana,HNK Rijeka,5,0,H
UECL,2024-08-29,Trabzonspor,FC ST. Gallen,1,1,D
UECL,2024-08-29,Paks,Mlada Boleslav,0,3,A
UECL,2024-08-29,Pafos,CFR 1907 Cluj,3,0,H
UECL,2024-08-29,The New Saints,Panevėžys,0,0,D
UECL,2024-08-29,Kilmarnock,FC Copenhagen,1,1,D
UECL,2024-08-29,Zrinjski,Guimaraes,0,4,A
UECL,2024-08-29,Panathinaikos,Lens,2,0,H
UECL,2024-08-29,UE Santa Coloma,Vikingur Reykjavik,0,0,D
UECL,2024-08-29,Cercle Brugge,Wisla Krakow,1,4,A
UECL,2024-08-29,Drita,Legia Warszawa,0,1,A
UECL,2024-08-29,Maribor,Djurgardens IF,0,1,A
UECL,2024-08-29,Celje,Pyunik Yerevan,4,1,H
UECL,2024-08-29,1. FC Heidenheim,BK Hacken,3,2,H
UECL,2024-08-29,Servette FC,Chelsea,2,1,H
UECL,2024-08-29,Real Betis,Kryvbas KR,3,0,H
UECL,2024-08-29,Puskas Academy,Fiorentina,1,1,D
UECL,2024-08-29,Larne,Lincoln Red Imps FC,3,1,H
UECL,2024-10-02,Guimaraes,Celje,3,1,H
UECL,2024-10-02,Başakşehir,Rapid Vienna,1,2,A
UECL,2024-10-03,1. FC Heidenheim,Olimpija Ljubljana,2,1,H
UECL,2024-10-03,Molde,Larne,3,0,H
UECL,2024-10-03,Legia Warszawa,Real Betis,1,0,H
UECL,2024-10-03,Dinamo Minsk,Heart Of Midlothian,1,2,A
UECL,2024-10-03,FC Astana,TSC Backa Topola,1,0,H
UECL,2024-10-03,Cercle Brugge,FC ST. Gallen,6,2,H
UECL,2024-10-03,Omonia Nicosia,Vikingur Reykjavik,4,0,H
UECL,2024-10-03,FC Noah,Mlada Boleslav,2,0,H
UECL,2024-10-03,Chelsea,Gent,4,2,H
UECL,2024-10-03,FC Copenhagen,Jagiellonia,1,2,A
UECL,2024-10-03,Fiorentina,The New Saints,2,0,H
UECL,2024-10-03,FC Lugano,HJK Helsinki,3,0,H
UECL,2024-10-03,Shamrock Rovers,Apoel Nicosia,1,1,D
UECL,2024-10-03,Lask Linz,Djurgardens IF,2,2,D
UECL,2024-10-03,Petrocub,Pafos,1,4,A
UECL,2024-10-03,Borac Banja Luka,Panathinaikos,1,1,D
UECL,2024-10-24,Vikingur Reykjavik,Cercle Brugge,3,1,H
UECL,2024-10-24,Heart Of Midlothian,Omonia Nicosia,2,0,H
UECL,2024-10-24,Jagiellonia,Petrocub,2,0,H
UECL,2024-10-24,Djurgardens IF,Guimaraes,1,2,A
UECL,2024-10-24,Panathinaikos,Chelsea,1,4,A
UECL,2024-10-24,Gent,Molde,2,1,H
UECL,2024-10-24,Rapid Vienna,FC Noah,1,0,H
UECL,2024-10-24,FC ST. Gallen,Fiorentina,2,4,A
UECL,2024-10-24,Apoel Nicosia,Borac Banja Luka,0,1,A
UECL,2024-10-24,Celje,Başakşehir,5,1,H
UECL,2024-10-24,Larne,Shamrock Rovers,1,4,A
UECL,2024-10-24,The New Saints,FC Astana,2,0,H
UECL,2024-10-24,Real Betis,FC Copenhagen,1,1,D
UECL,2024-10-24,Mlada Boleslav,FC Lugano,0,1,A
UECL,2024-10-24,HJK Helsinki,Dinamo Minsk,1,0,H
UECL,2024-10-24,Olimpija Ljubljana,Lask Linz,2,0,H
UECL,2024-10-24,TSC Backa Topola,Legia Warszawa,0,3,A
UECL,2024-10-24,Pafos,1. FC Heidenheim,0,1,A
UECL,2024-11-07,Vikingur Reykjavik,Borac Banja Luka,2,0,H
UECL,2024-11-07,Legia Warszawa,Dinamo Minsk,4,0,H
UECL,2024-11-07,Gent,Omonia Nicosia,1,0,H
UECL,2024-11-07,HJK Helsinki,Olimpija Ljubljana,0,2,A
UECL,2024-11-07,Shamrock Rovers,The New Saints,2,1,H
UECL,2024-11-07,Petrocub,Rapid Vienna,0,3,A
UECL,2024-11-07,TSC Backa Topola,FC Lugano,4,1,H
UECL,2024-11-07,Pafos,FC Astana,1,0,H
UECL,2024-11-07,Chelsea,FC Noah,8,0,H
UECL,2024-11-07,Guimaraes,Mlada Boleslav,2,1,H
UECL,2024-11-07,Heart Of Midlothian,1. FC Heidenheim,0,2,A
UECL,2024-11-07,Jagiellonia,Molde,3,0,H
UECL,2024-11-07,Djurgardens IF,Panathinaikos,2,1,H
UECL,2024-11-07,FC Copenhagen,Başakşehir,2,2,D
UECL,2024-11-07,Real Betis,Celje,2,1,H
UECL,2024-11-07,Lask Linz,Cercle Brugge,0,0,D
UECL,2024-11-07,Apoel Nicosia,Fiorentina,2,1,H
UECL,2024-11-07,Larne,FC ST. Gallen,1,2,A
UECL,2024-11-27,Başakşehir,Petrocub,1,1,D
UECL,2024-11-28,FC Astana,Guimaraes,1,1,D
UECL,2024-11-28,1. FC Heidenheim,Chelsea,0,2,A
UECL,2024-11-28,Molde,Apoel Nicosia,0,1,A
UECL,2024-11-28,The New Saints,Djurgardens IF,0,1,A
UECL,2024-11-28,Dinamo Minsk,FC Copenhagen,1,2,A
UECL,2024-11-28,Panathinaikos,HJK Helsinki,1,0,H
UECL,2024-11-28,Cercle Brugge,Heart Of Midlothian,2,0,H
UECL,2024-11-28,FC ST. Gallen,TSC Backa Topola,2,2,D
UECL,2024-11-28,Borac Banja Luka,Lask Linz,2,1,H
UECL,2024-11-28,FC Noah,Vikingur Reykjavik,0,0,D
UECL,2024-11-28,Celje,Jagiellonia,3,3,D
UECL,2024-11-28,Fiorentina,Pafos,3,2,H
UECL,2024-11-28,FC Lugano,Gent,2,0,H
UECL,2024-11-28,Mlada Boleslav,Real Betis,2,1,H
UECL,2024-11-28,Olimpija Ljubljana,Larne,1,0,H
UECL,2024-11-28,Rapid Vienna,Shamrock Rovers,1,1,D
UECL,2024-11-28,Omonia Nicosia,Legia Warszawa,0,3,A
UECL,2024-12-12,Vikingur Reykjavik,Djurgardens IF,1,2,A
UECL,2024-12-12,FC Astana,Chelsea,1,3,A
UECL,2024-12-12,Legia Warszawa,FC Lugano,1,2,A
UECL,2024-12-12,Dinamo Minsk,Larne,2,0,H
UECL,2024-12-12,FC Copenhagen,Heart Of Midlothian,2,0,H
UECL,2024-12-12,Fiorentina,Lask Linz,7,0,H
UECL,2024-12-12,Başakşehir,1. FC Heidenheim,3,1,H
UECL,2024-12-12,HJK Helsinki,Molde,2,2,D
UECL,2024-12-12,Olimpija Ljubljana,Cercle Brugge,1,4,A
UECL,2024-12-12,Petrocub,Real Betis,0,1,A
UECL,2024-12-12,FC Noah,Apoel Nicosia,1,3,A
UECL,2024-12-12,The New Saints,Panathinaikos,0,2,A
UECL,2024-12-12,Gent,TSC Backa Topola,3,0,H
UECL,2024-12-12,Mlada Boleslav,Jagiellonia,1,0,H
UECL,2024-12-12,Shamrock Rovers,Borac Banja Luka,3,0,H
UECL,2024-12-12,FC ST. Gallen,Guimaraes,1,4,A
UECL,2024-12-12,Omonia Nicosia,Rapid Vienna,3,1,H
UECL,2024-12-12,Pafos,Celje,2,0,H
UECL,2024-12-19,Chelsea,Shamrock Rovers,5,1,H
UECL,2024-12-19,1. FC Heidenheim,FC ST. Gallen,1,1,D
UECL,2024-12-19,Guimaraes,Fiorentina,1,1,D
UECL,2024-12-19,Heart Of Midlothian,Petrocub,2,2,D
UECL,2024-12-19,Molde,Mlada Boleslav,4,3,H
UECL,2024-12-19,Jagiellonia,Olimpija Ljubljana,0,0,D
UECL,2024-12-19,Djurgardens IF,Legia Warszawa,3,1,H
UECL,2024-12-19,Real Betis,HJK Helsinki,1,0,H
UECL,2024-12-19,FC Lugano,Pafos,2,2,D
UECL,2024-12-19,Panathinaikos,Dinamo Minsk,4,0,H
UECL,2024-12-19,Cercle Brugge,Başakşehir,1,1,D
UECL,2024-12-19,Rapid Vienna,FC Copenhagen,3,0,H
UECL,2024-12-19,Lask Linz,Vikingur Reykjavik,1,1,D
UECL,2024-12-19,Apoel Nicosia,FC Astana,1,1,D
UECL,2024-12-19,TSC Backa Topola,FC Noah,4,3,H
UECL,2024-12-19,Borac Banja Luka,Omonia Nicosia,0,0,D
UECL,2024-12-19,Celje,The New Saints,3,2,H
UECL,2024-12-19,Larne,Gent,1,0,H
UECL,2025-02-13,Vikingur Reykjavik,Panathinaikos,2,1,H
UECL,2025-02-13,Molde,Shamrock Rovers,0,1,A
UECL,2025-02-13,TSC Backa Topola,Jagiellonia,1,3,A
UECL,2025-02-13,Celje,Apoel Nicosia,2,2,D
UECL,2025-02-13,FC Copenhagen,1. FC Heidenheim,1,2,A
UECL,2025-02-13,Gent,Real Betis,0,3,A
UECL,2025-02-13,Borac Banja Luka,Olimpija Ljubljana,1,0,H
UECL,2025-02-13,Omonia Nicosia,Pafos,1,1,D
UECL,2025-02-20,1. FC Heidenheim,FC Copenhagen,1,3,A
UECL,2025-02-20,Real Betis,Gent,0,1,A
UECL,2025-02-20,Olimpija Ljubljana,Borac Banja Luka,0,0,D
UECL,2025-02-20,Pafos,Omonia Nicosia,2,1,H
UECL,2025-02-20,Jagiellonia,TSC Backa Topola,3,1,H
UECL,2025-02-20,Panathinaikos,Vikingur Reykjavik,2,0,H
UECL,2025-02-20,Shamrock Rovers,Molde,0,1,A
UECL,2025-02-20,Apoel Nicosia,Celje,0,2,A
UECL,2025-03-06,Molde,Legia Warszawa,3,2,H
UECL,2025-03-06,FC Copenhagen,Chelsea,1,2,A
UECL,2025-03-06,Real Betis,Guimaraes,2,2,D
UECL,2025-03-06,Panathinaikos,Fiorentina,3,2,H
UECL,2025-03-06,Jagiellonia,Cercle Brugge,3,0,H
UECL,2025-03-06,Borac Banja Luka,Rapid Vienna,1,1,D
UECL,2025-03-06,Pafos,Djurgardens IF,1,0,H
UECL,2025-03-06,Celje,FC Lugano,1,0,H
UECL,2025-03-13,Djurgardens IF,Pafos,3,0,H
UECL,2025-03-13,FC Lugano,Celje,5,4,H
UECL,2025-03-13,Cercle Brugge,Jagiellonia,2,0,H
UECL,2025-03-13,Rapid Vienna,Borac Banja Luka,2,1,H
UECL,2025-03-13,Chelsea,FC Copenhagen,1,0,H
UECL,2025-03-13,Guimaraes,Real Betis,0,4,A
UECL,2025-03-13,Legia Warszawa,Molde,2,0,H
UECL,2025-03-13,Fiorentina,Panathinaikos,3,1,H
UECL,2025-04-10,Legia Warszawa,Chelsea,0,3,A
UECL,2025-04-10,Djurgardens IF,Rapid Vienna,0,1,A
UECL,2025-04-10,Real Betis,Jagiellonia,2,0,H
UECL,2025-04-10,Celje,Fiorentina,1,2,A
UECL,2025-04-17,Jagiellonia,Real Betis,1,1,D
UECL,2025-04-17,Fiorentina,Celje,2,2,D
UECL,2025-04-17,Chelsea,Legia Warszawa,1,2,A
UECL,2025-04-17,Rapid Vienna,Djurgardens IF,1,4,A
UECL,2025-05-01,Djurgardens IF,Chelsea,1,4,A
UECL,2025-05-01,Real Betis,Fiorentina,2,1,H
UECL,2025-05-08,Chelsea,Djurgardens IF,1,0,H
UECL,2025-05-08,Fiorentina,Real Betis,2,2,D
UECL,2025-05-28,Real Betis,Chelsea,1,4,A
UECL,2025-07-08,St Joseph S Fc,Cliftonville FC,2,2,D
UECL,2025-07-08,Floriana,Haverfordwest County AFC,2,1,H
UECL,2025-07-10,Atlètic Club d'Escaldes,F91 Dudelange,2,0,H
UECL,2025-07-10,Magpies,Paide,2,3,A
UECL,2025-07-10,Torpedo Kutaisi,Ordabasy,4,3,H
UECL,2025-07-10,SJK,KI Klaksvik,1,2,A
UECL,2025-07-10,Kauno Žalgiris,Penybont,3,0,H
UECL,2025-07-10,Racing FC Union Luxembourg,Dila,1,2,A
UECL,2025-07-10,FC Urartu,Neman,1,2,A
UECL,2025-07-10,Kalju Nomme,Partizani,1,1,D
UECL,2025-07-10,Torpedo Zhodino,FK Rabotnicki,3,0,H
UECL,2025-07-10,Birkirkara,Petrocub,1,0,H
UECL,2025-07-10,Vllaznia Shkodër,BFC Daugavpils,0,1,A
UECL,2025-07-10,Dečić,Sileks,2,0,H
UECL,2025-07-10,Malisheva,Vikingur Reykjavik,0,1,A
UECL,2025-07-10,Vardar Skopje,La Fiorita,3,0,H
UECL,2025-07-10,Zeljeznicar Sarajevo,Koper,1,1,D
UECL,2025-07-10,Sutjeska,Dinamo Brest,1,2,A
UECL,2025-07-10,NSI Runavik,HJK Helsinki,4,0,H
UECL,2025-07-10,St Patrick's Athl.,Hegelmann Litauen,1,0,H
UECL,2025-07-10,Tre Fiori,Pyunik Yerevan,1,0,H
UECL,2025-07-10,Borac Banja Luka,FC Santa Coloma,1,4,A
UECL,2025-07-10,Larne,Auda,0,0,D
UECL,2025-07-10,Valur Reykjavik,Flora Tallinn,3,0,H
UECL,2025-07-16,Auda,Larne,2,2,D
UECL,2025-07-17,BFC Daugavpils,Vllaznia Shkodër,2,4,A
UECL,2025-07-17,FC Santa Coloma,Borac Banja Luka,0,2,A
UECL,2025-07-17,HJK Helsinki,NSI Runavik,5,0,H
UECL,2025-07-17,FK Rabotnicki,Torpedo Zhodino,0,1,A
UECL,2025-07-17,Flora Tallinn,Valur Reykjavik,1,2,A
UECL,2025-07-17,Ordabasy,Torpedo Kutaisi,1,1,D
UECL,2025-07-17,Pyunik Yerevan,Tre Fiori,5,0,H
UECL,2025-07-17,Dila,Racing FC Union Luxembourg,1,0,H
UECL,2025-07-17,Hegelmann Litauen,St Patrick's Athl.,0,2,A
UECL,2025-07-17,Paide,Magpies,4,1,H
UECL,2025-07-17,F91 Dudelange,Atlètic Club d'Escaldes,2,3,A
UECL,2025-07-17,Penybont,Kauno Žalgiris,1,1,D
UECL,2025-07-17,Haverfordwest County AFC,Floriana,2,3,A
UECL,2025-07-17,Petrocub,Birkirkara,3,0,H
UECL,2025-07-17,Sileks,Dečić,2,1,H
UECL,2025-07-17,Koper,Zeljeznicar Sarajevo,3,1,H
UECL,2025-07-17,Neman,FC Urartu,4,0,H
UECL,2025-07-17,Partizani,Kalju Nomme,0,1,A
UECL,2025-07-17,Dinamo Brest,Sutjeska,0,2,A
UECL,2025-07-17,Vikingur Reykjavik,Malisheva,8,0,H
UECL,2025-07-17,KI Klaksvik,SJK,2,0,H
UECL,2025-07-17,Cliftonville FC,St Joseph S Fc,2,3,A
UECL,2025-07-17,La Fiorita,Vardar Skopje,2,2,D
UECL,2025-07-22,Ballkani,Floriana,4,2,H
UECL,2025-07-23,Zira,HNK Hajduk Split,1,1,D
UECL,2025-07-23,FC Levadia Tallinn,Saburtalo,1,0,H
UECL,2025-07-23,Silkeborg,KA Akureyri,1,1,D
UECL,2025-07-23,The New Saints,FC Differdange 03,0,1,A
UECL,2025-07-23,Olimpija Ljubljana,Inter Club d'Escaldes,4,2,H
UECL,2025-07-23,Buducnost Podgorica,Milsami Orhei,0,0,D
UECL,2025-07-24,FC Astana,Zimbru,1,1,D
UECL,2025-07-24,Atlètic Club d'Escaldes,Dinamo Tirana,1,2,A
UECL,2025-07-24,Paide,AIK Stockholm,0,2,A
UECL,2025-07-24,Rosenborg,Banga,5,0,H
UECL,2025-07-24,FK Zalgiris Vilnius,Linfield,0,0,D
UECL,2025-07-24,St Joseph S Fc,Shamrock Rovers,0,4,A
UECL,2025-07-24,Pyunik Yerevan,Gyori ETO FC,2,1,H
UECL,2025-07-24,Ilves,AZ Alkmaar,4,3,H
UECL,2025-07-24,Arda Kardzhali,HJK Helsinki,0,0,D
UECL,2025-07-24,Aris,Puskas Academy,3,2,H
UECL,2025-07-24,Ararat-Armenia,Universitatea Cluj,0,0,D
UECL,2025-07-24,Kauno Žalgiris,Valur Reykjavik,1,1,D
UECL,2025-07-24,Hibernians,Spartak Trnava,1,2,A
UECL,2025-07-24,Aktobe,Sparta Praha,2,1,H
UECL,2025-07-24,Araz,Aris Thessalonikis,2,1,H
UECL,2025-07-24,Hammarby FF,Charleroi,0,0,D
UECL,2025-07-24,Viking,Koper,7,0,H
UECL,2025-07-24,Cherno More Varna,Başakşehir,0,1,A
UECL,2025-07-24,Petrocub,Sabah FA,0,2,A
UECL,2025-07-24,Novi Pazar,Jagiellonia,1,2,A
UECL,2025-07-24,Omonia Nicosia,Torpedo Kutaisi,1,0,H
UECL,2025-07-24,Oleksandria,FK Partizan,0,2,A
UECL,2025-07-24,Polessya,FC Santa Coloma,1,2,A
UECL,2025-07-24,Riga,Dila,2,1,H
UECL,2025-07-24,FC Vaduz,Dungannon Swifts,0,1,A
UECL,2025-07-24,Torpedo Zhodino,Maccabi Haifa,1,1,D
UECL,2025-07-24,AEK Athens FC,Hapoel Beer Sheva,1,0,H
UECL,2025-07-24,NK Varazdin,Santa Clara,2,1,H
UECL,2025-07-24,Paks,Maribor,1,0,H
UECL,2025-07-24,Radnicki 1923,KI Klaksvik,0,0,D
UECL,2025-07-24,FK Košice,Neman,2,3,A
UECL,2025-07-24,Vardar Skopje,Lausanne,2,1,H
UECL,2025-07-24,Austria Vienna,Spaeri,2,0,H
UECL,2025-07-24,Sutjeska,Beitar Jerusalem,1,2,A
UECL,2025-07-24,Vllaznia Shkodër,Vikingur Reykjavik,2,1,H
UECL,2025-07-24,Dinamo Minsk,Egnatia Rrogozhinë,0,2,A
UECL,2025-07-24,Dundee Utd,UNA Strassen,1,0,H
UECL,2025-07-24,St Patrick's Athl.,Kalju Nomme,1,0,H
UECL,2025-07-24,HB Torshavn,Brondby,1,1,D
UECL,2025-07-24,FK Sarajevo,Universitatea Craiova,2,1,H
UECL,2025-07-24,Raków Częstochowa,Žilina,3,0,H
UECL,2025-07-24,Dečić,Rapid Vienna,0,2,A
UECL,2025-07-24,Larne,Prishtina,0,0,D
UECL,2025-07-29,Saburtalo,FC Levadia Tallinn,2,2,D
UECL,2025-07-29,FC Differdange 03,The New Saints,1,0,H
UECL,2025-07-29,Inter Club d'Escaldes,Olimpija Ljubljana,1,1,D
UECL,2025-07-31,Spartak Trnava,Hibernians,5,1,H
UECL,2025-07-31,FC Santa Coloma,Polessya,1,4,A
UECL,2025-07-31,HJK Helsinki,Arda Kardzhali,2,2,D
UECL,2025-07-31,Gyori ETO FC,Pyunik Yerevan,3,1,H
UECL,2025-07-31,Dila,Riga,3,3,D
UECL,2025-07-31,Banga,Rosenborg,0,2,A
UECL,2025-07-31,Sabah FA,Petrocub,4,1,H
UECL,2025-07-31,Spaeri,Austria Vienna,0,5,A
UECL,2025-07-31,AZ Alkmaar,Ilves,5,0,H
UECL,2025-07-31,Kalju Nomme,St Patrick's Athl.,2,2,D
UECL,2025-07-31,AIK Stockholm,Paide,6,0,H
UECL,2025-07-31,Torpedo Kutaisi,Omonia Nicosia,0,4,A
UECL,2025-07-31,Milsami Orhei,Buducnost Podgorica,2,1,H
UECL,2025-07-31,UNA Strassen,Dundee Utd,0,1,A
UECL,2025-07-31,Universitatea Cluj,Ararat-Armenia,1,2,A
UECL,2025-07-31,Zimbru,FC Astana,0,2,A
UECL,2025-07-31,Brondby,HB Torshavn,1,0,H
UECL,2025-07-31,Universitatea Craiova,FK Sarajevo,4,0,H
UECL,2025-07-31,Beitar Jerusalem,Sutjeska,5,2,H
UECL,2025-07-31,Başakşehir,Cherno More Varna,4,0,H
UECL,2025-07-31,Santa Clara,NK Varazdin,2,0,H
UECL,2025-07-31,KA Akureyri,Silkeborg,2,3,A
UECL,2025-07-31,Neman,FK Košice,1,1,D
UECL,2025-07-31,Maribor,Paks,1,1,D
UECL,2025-07-31,Hapoel Beer Sheva,AEK Athens FC,0,0,D
UECL,2025-07-31,Sparta Praha,Aktobe,4,0,H
UECL,2025-07-31,Prishtina,Larne,1,1,D
UECL,2025-07-31,Charleroi,Hammarby FF,1,2,A
UECL,2025-07-31,Puskas Academy,Aris,0,2,A
UECL,2025-07-31,Maccabi Haifa,Torpedo Zhodino,3,0,H
UECL,2025-07-31,Koper,Viking,3,5,A
UECL,2025-07-31,Jagiellonia,Novi Pazar,3,1,H
UECL,2025-07-31,Lausanne,Vardar Skopje,5,0,H
UECL,2025-07-31,Aris Thessalonikis,Araz,2,2,D
UECL,2025-07-31,Valur Reykjavik,Kauno Žalgiris,1,2,A
UECL,2025-07-31,Rapid Vienna,Dečić,4,2,H
UECL,2025-07-31,Žilina,Raków Częstochowa,1,3,A
UECL,2025-07-31,Vikingur Reykjavik,Vllaznia Shkodër,4,2,H
UECL,2025-07-31,Linfield,FK Zalgiris Vilnius,2,0,H
UECL,2025-07-31,KI Klaksvik,Radnicki 1923,1,0,H
UECL,2025-07-31,Dinamo Tirana,Atlètic Club d'Escaldes,1,1,D
UECL,2025-07-31,Floriana,Ballkani,1,1,D
UECL,2025-07-31,Dungannon Swifts,FC Vaduz,0,3,A
UECL,2025-07-31,FK Partizan,Oleksandria,4,0,H
UECL,2025-07-31,HNK Hajduk Split,Zira,2,1,H
UECL,2025-07-31,Shamrock Rovers,St Joseph S Fc,0,0,D
UECL,2025-07-31,Egnatia Rrogozhinë,Dinamo Minsk,1,0,H
UECL,2025-08-05,KI Klaksvik,Neman,2,0,H
UECL,2025-08-07,Rosenborg,Hammarby FF,0,0,D
UECL,2025-08-07,Milsami Orhei,Virtus,3,2,H
UECL,2025-08-07,Aris,AEK Athens FC,2,2,D
UECL,2025-08-07,Kauno Žalgiris,Arda Kardzhali,0,1,A
UECL,2025-08-07,Araz,Omonia Nicosia,0,4,A
UECL,2025-08-07,Baník Ostrava,Austria Vienna,4,3,H
UECL,2025-08-07,AIK Stockholm,Gyori ETO FC,2,1,H
UECL,2025-08-07,Viking,Başakşehir,1,3,A
UECL,2025-08-07,Silkeborg,Jagiellonia,0,1,A
UECL,2025-08-07,Riga,Beitar Jerusalem,3,0,H
UECL,2025-08-07,AZ Alkmaar,FC Vaduz,3,0,H
UECL,2025-08-07,Anderlecht,Sheriff Tiraspol,3,0,H
UECL,2025-08-07,Vikingur Gota,Linfield,2,1,H
UECL,2025-08-07,Sparta Praha,Ararat-Armenia,4,1,H
UECL,2025-08-07,Levski Sofia,Sabah FA,1,0,H
UECL,2025-08-07,Olimpija Ljubljana,Egnatia Rrogozhinë,0,0,D
UECL,2025-08-07,FC Differdange 03,FC Levadia Tallinn,2,3,A
UECL,2025-08-07,Polessya,Paks,3,0,H
UECL,2025-08-07,Lausanne,FC Astana,3,1,H
UECL,2025-08-07,FC Lugano,Celje,0,5,A
UECL,2025-08-07,Universitatea Craiova,Spartak Trnava,3,0,H
UECL,2025-08-07,Ballkani,Shamrock Rovers,1,0,H
UECL,2025-08-07,Vikingur Reykjavik,Brondby,3,0,H
UECL,2025-08-07,St Patrick's Athl.,Beşiktaş,1,4,A
UECL,2025-08-07,FK Partizan,Hibernian,0,2,A
UECL,2025-08-07,HNK Hajduk Split,Dinamo Tirana,2,1,H
UECL,2025-08-07,Rapid Vienna,Dundee Utd,2,2,D
UECL,2025-08-07,Raków Częstochowa,Maccabi Haifa,0,1,A
UECL,2025-08-07,Larne,Santa Clara,0,3,A
UECL,2025-08-13,Başakşehir,Viking,1,1,D
UECL,2025-08-14,FC Astana,Lausanne,0,2,A
UECL,2025-08-14,Ararat-Armenia,Sparta Praha,1,2,A
UECL,2025-08-14,Sabah FA,Levski Sofia,0,2,A
UECL,2025-08-14,FC Levadia Tallinn,FC Differdange 03,1,3,A
UECL,2025-08-14,Hammarby FF,Rosenborg,0,1,A
UECL,2025-08-14,Sheriff Tiraspol,Anderlecht,1,1,D
UECL,2025-08-14,Paks,Polessya,2,1,H
UECL,2025-08-14,Gyori ETO FC,AIK Stockholm,2,0,H
UECL,2025-08-14,Omonia Nicosia,Araz,5,0,H
UECL,2025-08-14,Brondby,Vikingur Reykjavik,4,0,H
UECL,2025-08-14,Beitar Jerusalem,Riga,3,1,H
UECL,2025-08-14,FC Vaduz,AZ Alkmaar,0,1,A
UECL,2025-08-14,Arda Kardzhali,Kauno Žalgiris,2,0,H
UECL,2025-08-14,Neman,KI Klaksvik,2,0,H
UECL,2025-08-14,Beşiktaş,St Patrick's Athl.,3,2,H
UECL,2025-08-14,AEK Athens FC,Aris,3,1,H
UECL,2025-08-14,Maccabi Haifa,Raków Częstochowa,0,2,A
UECL,2025-08-14,Celje,FC Lugano,2,4,A
UECL,2025-08-14,Jagiellonia,Silkeborg,2,2,D
UECL,2025-08-14,Spartak Trnava,Universitatea Craiova,4,3,H
UECL,2025-08-14,Linfield,Vikingur Gota,2,0,H
UECL,2025-08-14,Dundee Utd,Rapid Vienna,2,2,D
UECL,2025-08-14,Dinamo Tirana,HNK Hajduk Split,3,1,H
UECL,2025-08-14,Santa Clara,Larne,0,0,D
UECL,2025-08-14,Hibernian,FK Partizan,2,3,A
UECL,2025-08-14,Austria Vienna,Baník Ostrava,1,1,D
UECL,2025-08-14,Shamrock Rovers,Ballkani,4,0,H
UECL,2025-08-14,Egnatia Rrogozhinë,Olimpija Ljubljana,2,4,A
UECL,2025-08-14,Virtus,Milsami Orhei,3,0,H
UECL,2025-08-21,Rosenborg,FSV Mainz 05,2,1,H
UECL,2025-08-21,BK Hacken,CFR 1907 Cluj,7,2,H
UECL,2025-08-21,Wolfsberger AC,Omonia Nicosia,2,1,H
UECL,2025-08-21,Gyori ETO FC,Rapid Vienna,2,1,H
UECL,2025-08-21,Hamrun Spartans,Rīgas FS,1,0,H
UECL,2025-08-21,Başakşehir,Universitatea Craiova,1,2,A
UECL,2025-08-21,Strasbourg,Brondby,0,0,D
UECL,2025-08-21,Breidablik,Virtus,2,1,H
UECL,2025-08-21,Neman,Rayo Vallecano,0,1,A
UECL,2025-08-21,Shakhtar Donetsk,Servette FC,1,1,D
UECL,2025-08-21,Anderlecht,AEK Athens FC,1,1,D
UECL,2025-08-21,Sparta Praha,Riga,2,0,H
UECL,2025-08-21,Levski Sofia,AZ Alkmaar,0,2,A
UECL,2025-08-21,Olimpija Ljubljana,FC Noah,1,4,A
UECL,2025-08-21,Celje,Baník Ostrava,1,0,H
UECL,2025-08-21,Polessya,Fiorentina,0,3,A
UECL,2025-08-21,Drita,FC Differdange 03,2,1,H
UECL,2025-08-21,Jagiellonia,Dinamo Tirana,3,0,H
UECL,2025-08-21,Lausanne,Beşiktaş,1,1,D
UECL,2025-08-21,Shelbourne,Linfield,3,1,H
UECL,2025-08-21,Crystal Palace,Fredrikstad,1,0,H
UECL,2025-08-21,Santa Clara,Shamrock Rovers,1,2,A
UECL,2025-08-21,Hibernian,Legia Warszawa,1,2,A
UECL,2025-08-21,Raków Częstochowa,Arda Kardzhali,1,0,H
UECL,2025-08-27,Riga,Sparta Praha,1,0,H
UECL,2025-08-28,Fredrikstad,Crystal Palace,0,0,D
UECL,2025-08-28,Omonia Nicosia,Wolfsberger AC,1,0,H
UECL,2025-08-28,FC Noah,Olimpija Ljubljana,3,2,H
UECL,2025-08-28,Beşiktaş,Lausanne,0,1,A
UECL,2025-08-28,Rapid Vienna,Gyori ETO FC,2,0,H
UECL,2025-08-28,Rīgas FS,Hamrun Spartans,2,2,D
UECL,2025-08-28,AZ Alkmaar,Levski Sofia,4,1,H
UECL,2025-08-28,Universitatea Craiova,Başakşehir,3,1,H
UECL,2025-08-28,CFR 1907 Cluj,BK Hacken,1,0,H
UECL,2025-08-28,Brondby,Strasbourg,2,3,A
UECL,2025-08-28,Fiorentina,Polessya,3,2,H
UECL,2025-08-28,AEK Athens FC,Anderlecht,2,0,H
UECL,2025-08-28,FC Differdange 03,Drita,0,1,A
UECL,2025-08-28,Rayo Vallecano,Neman,4,0,H
UECL,2025-08-28,Arda Kardzhali,Raków Częstochowa,1,2,A
UECL,2025-08-28,Baník Ostrava,Celje,0,2,A
UECL,2025-08-28,Linfield,Shelbourne,0,2,A
UECL,2025-08-28,Dinamo Tirana,Jagiellonia,1,1,D
UECL,2025-08-28,FSV Mainz 05,Rosenborg,4,1,H
UECL,2025-08-28,Legia Warszawa,Hibernian,3,3,D
UECL,2025-08-28,Shamrock Rovers,Santa Clara,0,0,D
UECL,2025-08-28,Servette FC,Shakhtar Donetsk,1,2,A
UECL,2025-08-28,Virtus,Breidablik,1,3,A
UECL,2025-10-02,Jagiellonia,Hamrun Spartans,1,0,H
UECL,2025-10-02,Lech Poznan,Rapid Vienna,4,1,H
UECL,2025-10-02,Dynamo Kyiv,Crystal Palace,0,2,A
UECL,2025-10-02,Zrinjski,Lincoln Red Imps FC,5,0,H
UECL,2025-10-02,Rayo Vallecano,Shkendija,2,0,H
UECL,2025-10-02,Lausanne,Breidablik,3,0,H
UECL,2025-10-02,KuPS,Drita,1,1,D
UECL,2025-10-02,Omonia Nicosia,FSV Mainz 05,0,1,A
UECL,2025-10-02,FC Noah,HNK Rijeka,1,0,H
UECL,2025-10-02,Aberdeen,Shakhtar Donetsk,2,3,A
UECL,2025-10-02,Legia Warszawa,Samsunspor,0,1,A
UECL,2025-10-02,Fiorentina,Sigma Olomouc,2,0,H
UECL,2025-10-02,AEK Larnaca,AZ Alkmaar,4,0,H
UECL,2025-10-02,Sparta Praha,Shamrock Rovers,4,1,H
UECL,2025-10-02,Slovan Bratislava,Strasbourg,1,2,A
UECL,2025-10-02,Raków Częstochowa,Universitatea Craiova,2,0,H
UECL,2025-10-02,Shelbourne,BK Hacken,0,0,D
UECL,2025-10-02,Celje,AEK Athens FC,3,1,H
UECL,2025-10-23,Strasbourg,Jagiellonia,1,1,D
UECL,2025-10-23,AZ Alkmaar,Slovan Bratislava,1,0,H
UECL,2025-10-23,Breidablik,KuPS,0,0,D
UECL,2025-10-23,BK Hacken,Rayo Vallecano,2,2,D
UECL,2025-10-23,Shakhtar Donetsk,Legia Warszawa,1,2,A
UECL,2025-10-23,AEK Athens FC,Aberdeen,6,0,H
UECL,2025-10-23,Shkendija,Shelbourne,1,0,H
UECL,2025-10-23,Rapid Vienna,Fiorentina,0,3,A
UECL,2025-10-23,Drita,Omonia Nicosia,1,1,D
UECL,2025-10-23,Crystal Palace,AEK Larnaca,0,1,A
UECL,2025-10-23,FSV Mainz 05,Zrinjski,1,0,H
UECL,2025-10-23,Universitatea Craiova,FC Noah,1,1,D
UECL,2025-10-23,Shamrock Rovers,Celje,0,2,A
UECL,2025-10-23,Lincoln Red Imps FC,Lech Poznan,2,1,H
UECL,2025-10-23,Sigma Olomouc,Raków Częstochowa,1,1,D
UECL,2025-10-23,Samsunspor,Dynamo Kyiv,3,0,H
UECL,2025-10-23,Hamrun Spartans,Lausanne,0,1,A
UECL,2025-10-24,HNK Rijeka,Sparta Praha,1,0,H
UECL,2025-11-06,FSV Mainz 05,Fiorentina,2,1,H
UECL,2025-11-06,Shakhtar Donetsk,Breidablik,2,0,H
UECL,2025-11-06,AEK Athens FC,Shamrock Rovers,1,1,D
UECL,2025-11-06,AEK Larnaca,Aberdeen,0,0,D
UECL,2025-11-06,Sparta Praha,Raków Częstochowa,0,0,D
UECL,2025-11-06,KuPS,Slovan Bratislava,3,1,H
UECL,2025-11-06,Samsunspor,Hamrun Spartans,3,0,H
UECL,2025-11-06,FC Noah,Sigma Olomouc,1,2,A
UECL,2025-11-06,Celje,Legia Warszawa,2,1,H
UECL,2025-11-06,Crystal Palace,AZ Alkmaar,3,1,H
UECL,2025-11-06,BK Hacken,Strasbourg,1,2,A
UECL,2025-11-06,Dynamo Kyiv,Zrinjski,6,0,H
UECL,2025-11-06,Shkendija,Jagiellonia,1,1,D
UECL,2025-11-06,Lincoln Red Imps FC,HNK Rijeka,1,1,D
UECL,2025-11-06,Rayo Vallecano,Lech Poznan,3,2,H
UECL,2025-11-06,Rapid Vienna,Universitatea Craiova,0,1,A
UECL,2025-11-06,Lausanne,Omonia Nicosia,1,1,D
UECL,2025-11-06,Shelbourne,Drita,0,1,A
UECL,2025-11-27,AZ Alkmaar,Shelbourne,2,0,H
UECL,2025-11-27,Lech Poznan,Lausanne,2,0,H
UECL,2025-11-27,Zrinjski,BK Hacken,2,1,H
UECL,2025-11-27,Universitatea Craiova,FSV Mainz 05,1,0,H
UECL,2025-11-27,Slovan Bratislava,Rayo Vallecano,2,1,H
UECL,2025-11-27,Sigma Olomouc,Celje,2,1,H
UECL,2025-11-27,Omonia Nicosia,Dynamo Kyiv,2,0,H
UECL,2025-11-27,Raków Częstochowa,Rapid Vienna,4,1,H
UECL,2025-11-27,Hamrun Spartans,Lincoln Red Imps FC,3,1,H
UECL,2025-11-27,Strasbourg,Crystal Palace,2,1,H
UECL,2025-11-27,Aberdeen,FC Noah,1,1,D
UECL,2025-11-27,Breidablik,Samsunspor,2,2,D
UECL,2025-11-27,Jagiellonia,KuPS,1,0,H
UECL,2025-11-27,Legia Warszawa,Sparta Praha,0,1,A
UECL,2025-11-27,Fiorentina,AEK Athens FC,0,1,A
UECL,2025-11-27,HNK Rijeka,AEK Larnaca,0,0,D
UECL,2025-11-27,Shamrock Rovers,Shakhtar Donetsk,1,2,A
UECL,2025-11-27,Drita,Shkendija,1,0,H
UECL,2025-12-11,Breidablik,Shamrock Rovers,3,1,H
UECL,2025-12-11,Jagiellonia,Rayo Vallecano,1,2,A
UECL,2025-12-11,BK Hacken,AEK Larnaca,1,1,D
UECL,2025-12-11,Fiorentina,Dynamo Kyiv,2,1,H
UECL,2025-12-11,Shkendija,Slovan Bratislava,2,0,H
UECL,2025-12-11,Universitatea Craiova,Sparta Praha,1,2,A
UECL,2025-12-11,Samsunspor,AEK Athens FC,1,2,A
UECL,2025-12-11,FC Noah,Legia Warszawa,2,1,H
UECL,2025-12-11,Drita,AZ Alkmaar,0,3,A
UECL,2025-12-11,Aberdeen,Strasbourg,0,1,A
UECL,2025-12-11,Lech Poznan,FSV Mainz 05,1,1,D
UECL,2025-12-11,HNK Rijeka,Celje,3,0,H
UECL,2025-12-11,Lincoln Red Imps FC,Sigma Olomouc,2,1,H
UECL,2025-12-11,Rapid Vienna,Omonia Nicosia,0,1,A
UECL,2025-12-11,KuPS,Lausanne,0,0,D
UECL,2025-12-11,Raków Częstochowa,Zrinjski,1,0,H
UECL,2025-12-11,Shelbourne,Crystal Palace,0,3,A
UECL,2025-12-11,Hamrun Spartans,Shakhtar Donetsk,0,2,A
UECL,2025-12-18,Crystal Palace,KuPS,2,2,D
UECL,2025-12-18,Strasbourg,Breidablik,3,1,H
UECL,2025-12-18,FSV Mainz 05,Samsunspor,2,0,H
UECL,2025-12-18,AZ Alkmaar,Jagiellonia,0,0,D
UECL,2025-12-18,Legia Warszawa,Lincoln Red Imps FC,4,1,H
UECL,2025-12-18,Shakhtar Donetsk,HNK Rijeka,0,0,D
UECL,2025-12-18,Dynamo Kyiv,FC Noah,2,0,H
UECL,2025-12-18,AEK Athens FC,Universitatea Craiova,3,2,H
UECL,2025-12-18,Zrinjski,Rapid Vienna,1,1,D
UECL,2025-12-18,AEK Larnaca,Shkendija,1,0,H
UECL,2025-12-18,Sparta Praha,Aberdeen,3,0,H
UECL,2025-12-18,Shamrock Rovers,Hamrun Spartans,3,1,H
UECL,2025-12-18,Slovan Bratislava,BK Hacken,1,0,H
UECL,2025-12-18,Rayo Vallecano,Drita,3,0,H
UECL,2025-12-18,Lausanne,Fiorentina,1,0,H
UECL,2025-12-18,Sigma Olomouc,Lech Poznan,1,2,A
UECL,2025-12-18,Omonia Nicosia,Raków Częstochowa,0,1,A
UECL,2025-12-18,Celje,Shelbourne,0,0,D
UECL,2026-02-19,Zrinjski,Crystal Palace,1,1,D
UECL,2026-02-19,KuPS,Lech Poznan,0,2,A
UECL,2026-02-19,Sigma Olomouc,Lausanne,1,1,D
UECL,2026-02-19,FC Noah,AZ Alkmaar,1,0,H
UECL,2026-02-19,Jagiellonia,Fiorentina,0,3,A
UECL,2026-02-19,Shkendija,Samsunspor,0,1,A
UECL,2026-02-19,Omonia Nicosia,HNK Rijeka,0,1,A
UECL,2026-02-19,Drita,Celje,2,3,A
UECL,2026-02-26,Fiorentina,Jagiellonia,2,4,A
UECL,2026-02-26,HNK Rijeka,Omonia Nicosia,3,1,H
UECL,2026-02-26,Samsunspor,Shkendija,4,0,H
UECL,2026-02-26,Celje,Drita,3,2,H
UECL,2026-02-26,Crystal Palace,Zrinjski,2,0,H
UECL,2026-02-26,AZ Alkmaar,FC Noah,4,0,H
UECL,2026-02-26,Lech Poznan,KuPS,1,0,H
UECL,2026-02-26,Lausanne,Sigma Olomouc,1,2,A
UECL,2026-03-12,AZ Alkmaar,Sparta Praha,2,1,H
UECL,2026-03-12,Lech Poznan,Shakhtar Donetsk,1,3,A
UECL,2026-03-12,HNK Rijeka,Strasbourg,1,2,A
UECL,2026-03-12,Samsunspor,Rayo Vallecano,1,3,A
UECL,2026-03-12,Crystal Palace,AEK Larnaca,0,0,D
UECL,2026-03-12,Fiorentina,Raków Częstochowa,2,1,H
UECL,2026-03-12,Sigma Olomouc,FSV Mainz 05,0,0,D
UECL,2026-03-12,Celje,AEK Athens FC,0,4,A
UECL,2026-03-19,FSV Mainz 05,Sigma Olomouc,2,0,H
UECL,2026-03-19,AEK Athens FC,Celje,0,2,A
UECL,2026-03-19,AEK Larnaca,Crystal Palace,1,2,A
UECL,2026-03-19,Raków Częstochowa,Fiorentina,1,2,A
UECL,2026-03-19,Strasbourg,HNK Rijeka,1,1,D
UECL,2026-03-19,Shakhtar Donetsk,Lech Poznan,1,2,A
UECL,2026-03-19,Sparta Praha,AZ Alkmaar,0,4,A
UECL,2026-03-19,Rayo Vallecano,Samsunspor,0,1,A
